geo,year,n45934
0,2016,
0114,2016,0.02557414
0115,2016,1.86343946
0117,2016,10.65397351
0120,2016,5.31794599
0123,2016,4.72850447
0125,2016,10.473644
0126,2016,0.63140063
0127,2016,23.74463043
0128,2016,0.23288309
0136,2016,5.49543087
0138,2016,0.00560664
0139,2016,14.20010157
0140,2016,4.51143031
0160,2016,0.04575313
0162,2016,0.64166221
0163,2016,0.00712581
0180,2016,1.16552981
0181,2016,3.21345286
0182,2016,0.0
0183,2016,0.04109519
0184,2016,0.19874229
0186,2016,0.0
0187,2016,29.5483871
0188,2016,18.40447866
0191,2016,4.5221843
0192,2016,0.23023326
0305,2016,34.10988558
0319,2016,1.24796527
0330,2016,24.14475544
0331,2016,1.94063927
0360,2016,25.05204719
0380,2016,6.7208048
0381,2016,11.59503512
0382,2016,18.87144774
0428,2016,25.41204171
0461,2016,12.47452693
0480,2016,11.28046687
0481,2016,0.0
0482,2016,13.66134295
0483,2016,32.93387545
0484,2016,2.3563754
0486,2016,2.5916967
0488,2016,4.4949762
0509,2016,9.57562568
0512,2016,13.68688473
0513,2016,28.30380482
0560,2016,9.66843837
0561,2016,0.75600356
0562,2016,19.32386319
0563,2016,8.61122837
0580,2016,3.24575947
0581,2016,1.39155032
0582,2016,24.8488121
0583,2016,19.25245956
0584,2016,1.0977841
0586,2016,1.79431683
0604,2016,4.44714459
0617,2016,4.0765391
0642,2016,0.0
0643,2016,9.7578605
0662,2016,0.05277741
0665,2016,9.9748311
0680,2016,0.71555549
0682,2016,0.24362606
0683,2016,0.91432442
0684,2016,7.01703305
0685,2016,1.05537768
0686,2016,0.64563734
0687,2016,2.90953976
0760,2016,1.21355398
0761,2016,0.0
0763,2016,5.74598989
0764,2016,0.07205353
0765,2016,2.38188976
0767,2016,1.46096485
0780,2016,0.58582557
0781,2016,0.28273645
0821,2016,9.31730356
0834,2016,32.4868322
0840,2016,12.95639844
0860,2016,5.88776449
0861,2016,0.18085227
0862,2016,1.34504016
0880,2016,1.8674389
0881,2016,2.55993151
0882,2016,1.2801429
0883,2016,4.46655468
0884,2016,5.48028929
0885,2016,6.70878253
0980,2016,20.90185805
1060,2016,18.08792039
1080,2016,5.77025586
1081,2016,5.59668013
1082,2016,4.23005566
1083,2016,4.85086594
1214,2016,23.02640971
1230,2016,0.5344296
1231,2016,0.0
1233,2016,1.29272696
1256,2016,1.89544103
1257,2016,43.42226311
1260,2016,0.02774695
1261,2016,1.14778641
1262,2016,0.0
1263,2016,2.70329191
1264,2016,30.88911599
1265,2016,8.71780619
1266,2016,29.34316206
1267,2016,15.53815615
1270,2016,13.74470339
1272,2016,22.12855638
1273,2016,1.6277336
1275,2016,6.50309671
1276,2016,22.4923703
1277,2016,0.53756216
1278,2016,0.00785484
1280,2016,0.05103443
1281,2016,1.35863987
1282,2016,2.15462088
1283,2016,0.23928352
1284,2016,20.91241866
1285,2016,18.93022372
1286,2016,6.10378562
1287,2016,0.31502179
1290,2016,4.02241515
1291,2016,1.43411091
1292,2016,1.50753769
1293,2016,15.35189093
1315,2016,5.18775449
1380,2016,0.66313933
1381,2016,0.98367986
1382,2016,9.36432982
1383,2016,6.06441872
1384,2016,11.97975099
1401,2016,18.8060259
1402,2016,0.0
1407,2016,1.66584199
1415,2016,6.50618087
1419,2016,0.38763029
1421,2016,15.97887324
1427,2016,6.62140798
1430,2016,18.12236594
1435,2016,13.60131746
1438,2016,10.26694045
1439,2016,6.33284242
1440,2016,9.49170517
1441,2016,1.24569014
1442,2016,2.50130276
1443,2016,1.49462868
1444,2016,19.90697674
1445,2016,9.18074594
1446,2016,1.10527269
1447,2016,6.5914787
1452,2016,0.21087513
1460,2016,29.82523281
1461,2016,18.14410178
1462,2016,37.27499308
1463,2016,15.46481321
1465,2016,12.58162821
1466,2016,2.55028736
1470,2016,1.35542169
1471,2016,0.02608582
1472,2016,0.0
1473,2016,0.61217737
1480,2016,1.18011695
1481,2016,5.78959522
1482,2016,35.95912092
1484,2016,5.09280923
1485,2016,0.23761032
1486,2016,3.79398827
1487,2016,9.02259457
1488,2016,0.26813645
1489,2016,0.01477396
1490,2016,0.48658088
1491,2016,2.29254571
1492,2016,10.64287522
1493,2016,2.26871349
1494,2016,2.3272091
1495,2016,3.38759763
1496,2016,1.68904442
1497,2016,15.69531538
1498,2016,2.49966402
1499,2016,3.21536102
1715,2016,7.4912093
1730,2016,37.66254876
1737,2016,19.25210234
1760,2016,19.27083333
1761,2016,0.06156688
1762,2016,0.13077594
1763,2016,6.76156584
1764,2016,3.66857552
1765,2016,21.80228979
1766,2016,23.81057756
1780,2016,3.13790608
1781,2016,2.71210014
1782,2016,9.53741497
1783,2016,2.53607346
1784,2016,13.3243228
1785,2016,4.75119483
1814,2016,6.5339002
1860,2016,2.57469031
1861,2016,3.20929737
1862,2016,3.06016598
1863,2016,8.8
1864,2016,16.8623767
1880,2016,3.23158852
1881,2016,38.3159627
1882,2016,29.04976331
1883,2016,5.45848476
1884,2016,1.08807528
1885,2016,0.76570774
1904,2016,40.98930481
1907,2016,47.8140455
1960,2016,27.9941065
1961,2016,3.42049965
1962,2016,14.82859421
1980,2016,2.22248555
1981,2016,70.85159217
1982,2016,2.783248
1983,2016,10.45565217
1984,2016,4.86972352
2021,2016,95.41214544
2023,2016,25.0
2026,2016,25.5339345
2029,2016,57.40725091
2031,2016,38.84580292
2034,2016,16.99589282
2039,2016,99.0579073
2061,2016,9.7827452
2062,2016,20.10881886
2080,2016,15.17121264
2081,2016,7.57321333
2082,2016,2.36794171
2083,2016,2.03597549
2084,2016,7.0606932
2085,2016,11.84162732
2101,2016,23.10914592
2104,2016,0.24802356
2121,2016,24.83584396
2132,2016,9.33457794
2161,2016,43.01722349
2180,2016,1.07066815
2181,2016,9.03183315
2182,2016,4.14090419
2183,2016,19.95372019
2184,2016,6.40940709
2260,2016,27.80651475
2262,2016,2.6462027
2280,2016,13.18919675
2281,2016,3.225317
2282,2016,19.20429967
2283,2016,28.85652265
2284,2016,27.28005734
2303,2016,21.77580466
2305,2016,62.59541985
2309,2016,8.9013475
2313,2016,37.20211024
2321,2016,3.08321208
2326,2016,12.34655335
2361,2016,72.72232428
2380,2016,6.67148145
2401,2016,10.68215892
2403,2016,11.1053719
2404,2016,65.06666667
2409,2016,39.67201032
2417,2016,61.5237488
2418,2016,99.03846154
2421,2016,42.84999374
2422,2016,99.4011976
2425,2016,57.45988392
2460,2016,16.18640252
2462,2016,50.19353055
2463,2016,53.68421053
2480,2016,10.80511933
2481,2016,56.6927349
2482,2016,54.83088917
2505,2016,39.78816946
2506,2016,64.51914099
2510,2016,81.56449132
2513,2016,88.21440103
2514,2016,43.52680631
2518,2016,35.85517428
2521,2016,98.44586427
2523,2016,34.90001869
2560,2016,31.64315669
2580,2016,11.36420714
2581,2016,14.33289599
2582,2016,17.71076408
2583,2016,30.48570982
2584,2016,22.31391181
0,2018,10.06
0114,2018,0.82027969
0115,2018,0.02700878
0117,2018,16.29641576
0120,2018,14.11547873
0123,2018,3.71238242
0125,2018,37.27538349
0126,2018,12.21241534
0127,2018,8.04431877
0128,2018,5.23686999
0136,2018,9.38059855
0138,2018,0.22914507
0139,2018,15.29814272
0140,2018,0.9763718
0160,2018,3.54522434
0162,2018,0.01493987
0163,2018,0.01401149
0180,2018,1.2901055
0181,2018,2.5767648
0182,2018,0.0
0183,2018,0.0727802
0184,2018,0.95359555
0186,2018,0.00445971
0187,2018,29.44811122
0188,2018,21.7676001
0191,2018,5.69431596
0192,2018,27.77743734
0305,2018,45.1324799
0319,2018,0.84486788
0330,2018,5.38616521
0331,2018,17.98142553
0360,2018,37.22660654
0380,2018,4.0928772
0381,2018,9.48532539
0382,2018,18.02365641
0428,2018,35.02731336
0461,2018,7.79349364
0480,2018,13.94281084
0481,2018,0.0
0482,2018,20.41094722
0483,2018,17.29838924
0484,2018,4.19123368
0486,2018,2.71369771
0488,2018,11.89544134
0509,2018,46.18495551
0512,2018,17.99123905
0513,2018,50.77580071
0560,2018,29.14898927
0561,2018,12.87578824
0562,2018,19.27352435
0563,2018,53.02882607
0580,2018,5.65641935
0581,2018,2.89908033
0582,2018,29.06064461
0583,2018,17.26870099
0584,2018,1.35809866
0586,2018,3.75309321
0604,2018,6.27385496
0617,2018,0.02059732
0642,2018,20.69212411
0643,2018,5.20581114
0662,2018,0.345795
0665,2018,5.30500521
0680,2018,1.92002818
0682,2018,1.19214981
0683,2018,1.28169251
0684,2018,11.00746269
0685,2018,6.82637516
0686,2018,1.87177864
0687,2018,7.37190659
0760,2018,33.81070984
0761,2018,14.32038835
0763,2018,1.79192007
0764,2018,4.03209425
0765,2018,3.80382313
0767,2018,2.88490284
0780,2018,3.70997029
0781,2018,0.95336675
0821,2018,4.85436893
0834,2018,7.0688379
0840,2018,21.02341717
0860,2018,6.22115192
0861,2018,2.13885778
0862,2018,4.01851852
0880,2018,0.60288336
0881,2018,1.27771197
0882,2018,2.98876272
0883,2018,19.60187052
0884,2018,12.51382048
0885,2018,6.36608345
0980,2018,99.6948603
1060,2018,0.5511022
1080,2018,11.58980583
1081,2018,3.61054544
1082,2018,2.3637116
1083,2018,1.85214252
1214,2018,5.95104108
1230,2018,0.02988048
1231,2018,0.04097801
1233,2018,1.7187765
1256,2018,9.26287528
1257,2018,18.30964621
1260,2018,0.23335621
1261,2018,0.54884742
1262,2018,0.31971947
1263,2018,0.2519685
1264,2018,13.01611279
1265,2018,4.55495954
1266,2018,15.03676874
1267,2018,13.29416884
1270,2018,19.03864279
1272,2018,3.89533155
1273,2018,2.64550265
1275,2018,0.0
1276,2018,5.34818383
1277,2018,2.54819118
1278,2018,4.07775837
1280,2018,1.06570875
1281,2018,1.21209888
1282,2018,1.35211268
1283,2018,1.30524752
1284,2018,3.08777534
1285,2018,1.66222167
1286,2018,19.54476953
1287,2018,6.44057775
1290,2018,7.23612394
1291,2018,9.51414436
1292,2018,2.49414769
1293,2018,4.32176447
1315,2018,2.35399285
1380,2018,4.84071807
1381,2018,0.45831515
1382,2018,2.34388665
1383,2018,16.55248315
1384,2018,6.08963303
1401,2018,1.3980011
1402,2018,0.01320132
1407,2018,5.83478675
1415,2018,16.45861493
1419,2018,97.27024568
1421,2018,53.45214281
1427,2018,16.35707845
1430,2018,43.97659149
1435,2018,10.2404853
1438,2018,11.7407878
1439,2018,7.64720254
1440,2018,6.96108892
1441,2018,1.08060907
1442,2018,9.86577181
1443,2018,2.86617017
1444,2018,5.96006144
1445,2018,3.55122564
1446,2018,0.0
1447,2018,17.1990172
1452,2018,4.53663632
1460,2018,9.84042553
1461,2018,20.0574634
1462,2018,0.01864628
1463,2018,12.07762678
1465,2018,11.65732356
1466,2018,3.29709499
1470,2018,8.80768825
1471,2018,0.0
1472,2018,2.13404995
1473,2018,2.07787958
1480,2018,1.64386703
1481,2018,0.55718288
1482,2018,14.48871066
1484,2018,27.3861798
1485,2018,3.05116905
1486,2018,6.42028595
1487,2018,2.81084325
1488,2018,0.10322581
1489,2018,4.6767076
1490,2018,3.23332998
1491,2018,8.98504789
1492,2018,1.32882036
1493,2018,0.34803561
1494,2018,2.38718818
1495,2018,3.08561898
1496,2018,3.62755279
1497,2018,11.0848628
1498,2018,3.41333333
1499,2018,10.93387635
1715,2018,10.99594412
1730,2018,26.7208413
1737,2018,42.58872651
1760,2018,21.93464898
1761,2018,0.8852126
1762,2018,22.80172414
1763,2018,19.07270811
1764,2018,17.74420239
1765,2018,54.25287356
1766,2018,42.68054652
1780,2018,5.63660053
1781,2018,10.94647926
1782,2018,16.77689297
1783,2018,32.44554669
1784,2018,15.34888926
1785,2018,6.55965856
1814,2018,25.37629849
1860,2018,9.70896947
1861,2018,3.38643317
1862,2018,15.81211287
1863,2018,14.13978495
1864,2018,22.29181164
1880,2018,2.81260166
1881,2018,0.06309717
1882,2018,8.52757248
1883,2018,21.91971107
1884,2018,13.13263525
1885,2018,15.20625889
1904,2018,40.195819
1907,2018,18.44909234
1960,2018,36.43926789
1961,2018,4.90938289
1962,2018,17.4276024
1980,2018,1.87700349
1981,2018,10.10749585
1982,2018,1.01129498
1983,2018,14.59407438
1984,2018,6.57718121
2021,2018,18.94600111
2023,2018,26.10415293
2026,2018,15.20112254
2029,2018,21.33515518
2031,2018,37.34184302
2034,2018,17.77568332
2039,2018,36.96069032
2061,2018,42.60229541
2062,2018,25.87115666
2080,2018,5.19861007
2081,2018,8.81067556
2082,2018,16.14743985
2083,2018,6.45224941
2084,2018,10.59578233
2085,2018,21.28249985
2101,2018,28.81240027
2104,2018,32.64360716
2121,2018,29.64052706
2132,2018,44.16077507
2161,2018,19.9193383
2180,2018,5.2815442
2181,2018,16.24627781
2182,2018,9.4084665
2183,2018,13.04246111
2184,2018,24.57077607
2260,2018,69.31579684
2262,2018,32.53513795
2280,2018,13.80633459
2281,2018,10.75139545
2282,2018,34.69124662
2283,2018,34.34218653
2284,2018,23.35035871
2303,2018,41.46768894
2305,2018,66.56529819
2309,2018,29.29175168
2313,2018,80.52029322
2321,2018,6.29552897
2326,2018,56.60203139
2361,2018,48.49005485
2380,2018,1.60728003
2401,2018,36.94397916
2403,2018,50.56701031
2404,2018,88.92420538
2409,2018,36.41384389
2417,2018,41.86343331
2418,2018,97.18557608
2421,2018,37.29513172
2422,2018,98.86029412
2425,2018,74.65392221
2460,2018,9.82182628
2462,2018,84.32117184
2463,2018,89.64930201
2480,2018,3.12975754
2481,2018,36.87138154
2482,2018,9.77294455
2505,2018,39.32872655
2506,2018,68.31200488
2510,2018,45.77662562
2513,2018,62.16564615
2514,2018,18.67261471
2518,2018,99.83995732
2521,2018,97.06033157
2523,2018,44.82418371
2560,2018,26.5155703
2580,2018,11.20628298
2581,2018,10.76757223
2582,2018,21.4877991
2583,2018,13.03138043
2584,2018,10.73302722
0,2020,8.38115513
0114,2020,2.37198068
0115,2020,31.25794155
0117,2020,47.93798081
0120,2020,16.708362
0123,2020,7.44149095
0125,2020,17.47109827
0126,2020,5.94447943
0127,2020,0.49690499
0128,2020,1.27264561
0136,2020,2.02576708
0138,2020,5.81239621
0139,2020,13.35170579
0140,2020,9.78013647
0160,2020,10.42103924
0162,2020,0.38317
0163,2020,0.01706368
0180,2020,0.59651767
0181,2020,2.13172657
0182,2020,0.0
0183,2020,2.93100135
0184,2020,0.0
0186,2020,5.00219587
0187,2020,0.29126214
0188,2020,33.38008667
0191,2020,21.23274064
0192,2020,23.04595565
0305,2020,7.3539256
0319,2020,1.34775669
0330,2020,2.75631118
0331,2020,8.16394535
0360,2020,51.9785778
0380,2020,1.87792543
0381,2020,9.43388413
0382,2020,11.53454134
0428,2020,23.84640738
0461,2020,5.80779944
0480,2020,4.70070017
0481,2020,1.2266594
0482,2020,18.56408528
0483,2020,15.92481124
0484,2020,6.13209156
0486,2020,10.60452238
0488,2020,5.57893471
0509,2020,93.42421812
0512,2020,28.04497189
0513,2020,33.16427163
0560,2020,28.72655479
0561,2020,7.8125
0562,2020,11.72887709
0563,2020,23.46430548
0580,2020,4.34228895
0581,2020,1.84470574
0582,2020,31.41653502
0583,2020,12.05545509
0584,2020,6.61808154
0586,2020,12.12516297
0604,2020,8.69668246
0617,2020,8.07668774
0642,2020,0.0
0643,2020,1.23753867
0662,2020,0.44357469
0665,2020,0.03767898
0680,2020,2.0149449
0682,2020,0.99782597
0683,2020,4.9835737
0684,2020,6.58494869
0685,2020,3.93869289
0686,2020,1.94409604
0687,2020,0.11233042
0760,2020,1.64749767
0761,2020,0.0
0763,2020,1.98266522
0764,2020,0.32138194
0765,2020,7.35377092
0767,2020,18.1871863
0780,2020,0.54073759
0781,2020,2.86437302
0821,2020,3.09343434
0834,2020,32.55342668
0840,2020,10.71428571
0860,2020,12.87009063
0861,2020,0.59138585
0862,2020,4.267844
0880,2020,4.11069458
0881,2020,1.61906343
0882,2020,6.00591888
0883,2020,4.38217196
0884,2020,8.87892377
0885,2020,8.65795091
0980,2020,85.24941226
1060,2020,0.47281324
1080,2020,7.01638826
1081,2020,15.55872981
1082,2020,5.29250787
1083,2020,0.03101016
1214,2020,4.86509157
1230,2020,0.01902769
1231,2020,0.02588997
1233,2020,0.30707387
1256,2020,0.82474227
1257,2020,5.38786598
1260,2020,0.86463118
1261,2020,0.16948004
1262,2020,0.0
1263,2020,0.04020101
1264,2020,15.7791411
1265,2020,2.60492041
1266,2020,14.81521858
1267,2020,7.07169158
1270,2020,11.41798183
1272,2020,3.77190377
1273,2020,25.61497981
1275,2020,0.47236656
1276,2020,7.43884174
1277,2020,0.18310228
1278,2020,0.15440041
1280,2020,0.35545183
1281,2020,0.62012029
1282,2020,0.08718741
1283,2020,0.20378495
1284,2020,0.0
1285,2020,2.85537701
1286,2020,2.64033264
1287,2020,1.03853854
1290,2020,3.35501898
1291,2020,3.51652455
1292,2020,1.05568641
1293,2020,7.16203825
1315,2020,2.33909416
1380,2020,4.10568203
1381,2020,0.18863857
1382,2020,4.06328289
1383,2020,5.44500386
1384,2020,10.31914059
1401,2020,8.40921264
1402,2020,0.0
1407,2020,0.17144638
1415,2020,10.02105592
1419,2020,29.28293316
1421,2020,2.78895329
1427,2020,3.85542169
1430,2020,7.70098731
1435,2020,16.38786504
1438,2020,6.92172162
1439,2020,16.02626459
1440,2020,19.08347209
1441,2020,4.4641907
1442,2020,7.91108205
1443,2020,1.81262284
1444,2020,4.38198852
1445,2020,10.17369727
1446,2020,7.49243638
1447,2020,0.19408054
1452,2020,1.91881919
1460,2020,17.31328194
1461,2020,38.07906534
1462,2020,0.53092647
1463,2020,6.84803002
1465,2020,18.3560477
1466,2020,5.83333333
1470,2020,2.08246995
1471,2020,13.65446371
1472,2020,0.51466001
1473,2020,11.81584031
1480,2020,0.92987269
1481,2020,8.29208311
1482,2020,15.94196768
1484,2020,0.04600169
1485,2020,1.79197389
1486,2020,18.43507117
1487,2020,6.71301964
1488,2020,3.8642685
1489,2020,4.65679294
1490,2020,1.48522229
1491,2020,1.14399233
1492,2020,17.27657456
1493,2020,0.171278
1494,2020,0.99958001
1495,2020,0.43365935
1496,2020,4.14791758
1497,2020,10.5815401
1498,2020,37.1004112
1499,2020,6.07094897
1715,2020,8.42358604
1730,2020,40.68845178
1737,2020,21.75184994
1760,2020,54.02782271
1761,2020,0.14293882
1762,2020,4.64516129
1763,2020,7.76057073
1764,2020,23.5513025
1765,2020,52.75421197
1766,2020,14.0192926
1780,2020,3.71382569
1781,2020,4.64217993
1782,2020,27.94376098
1783,2020,19.21505376
1784,2020,19.41703783
1785,2020,7.54787135
1814,2020,6.05686032
1860,2020,5.15317027
1861,2020,4.80486781
1862,2020,15.22111759
1863,2020,33.53538955
1864,2020,18.41800046
1880,2020,3.64859684
1881,2020,0.02717391
1882,2020,34.69548576
1883,2020,10.26519564
1884,2020,6.31411646
1885,2020,22.81225563
1904,2020,34.26922068
1907,2020,13.30605883
1960,2020,19.41647832
1961,2020,6.20941096
1962,2020,46.11211573
1980,2020,0.85000637
1981,2020,21.34007405
1982,2020,2.83603746
1983,2020,11.14876547
1984,2020,14.39368678
2021,2020,8.17041682
2023,2020,7.8782172
2026,2020,1.06415793
2029,2020,9.31080186
2031,2020,11.41714286
2034,2020,2.00958702
2039,2020,46.14855571
2061,2020,33.88531883
2062,2020,4.21691045
2080,2020,7.44938781
2081,2020,3.47612819
2082,2020,35.3319378
2083,2020,5.69335938
2084,2020,71.6856762
2085,2020,10.87911427
2101,2020,22.37730752
2104,2020,11.59487417
2121,2020,18.59644702
2132,2020,7.65105938
2161,2020,15.48487304
2180,2020,1.80890802
2181,2020,12.48798812
2182,2020,0.89095596
2183,2020,30.65812464
2184,2020,9.375763
2260,2020,33.76532887
2262,2020,15.32741978
2280,2020,10.56303635
2281,2020,4.08530319
2282,2020,18.92974859
2283,2020,15.14252191
2284,2020,20.69991457
2303,2020,9.78379559
2305,2020,39.26515408
2309,2020,13.19038959
2313,2020,41.11460674
2321,2020,19.24631634
2326,2020,45.61223325
2361,2020,58.49971296
2380,2020,0.63660787
2401,2020,31.92350129
2403,2020,84.35725348
2404,2020,39.61352657
2409,2020,31.73608551
2417,2020,8.61075544
2418,2020,16.55629139
2421,2020,43.12728992
2422,2020,62.29567744
2425,2020,56.11202636
2460,2020,11.89906461
2462,2020,47.82900027
2463,2020,94.0252646
2480,2020,5.97980114
2481,2020,30.85262564
2482,2020,12.12530189
2505,2020,32.56540414
2506,2020,16.76575505
2510,2020,39.53934741
2513,2020,33.25813729
2514,2020,16.30336058
2518,2020,77.40907884
2521,2020,25.74728261
2523,2020,56.90026722
2560,2020,27.58304276
2580,2020,13.37610342
2581,2020,6.83177134
2582,2020,26.29810809
2583,2020,16.59509202
2584,2020,4.01491708
0,2019,10.41248468
0114,2019,1.83066362
0115,2019,26.70849356
0117,2019,33.75993641
0120,2019,21.88160343
0123,2019,2.12095828
0125,2019,47.56603362
0126,2019,1.48803
0127,2019,1.36828792
0128,2019,1.34828056
0136,2019,25.09113001
0138,2019,5.32728664
0139,2019,16.19507484
0140,2019,16.60530905
0160,2019,0.79439707
0162,2019,7.43494424
0163,2019,0.0207634
0180,2019,3.68230801
0181,2019,3.66395573
0182,2019,0.0
0183,2019,3.75983678
0184,2019,0.0
0186,2019,0.0
0187,2019,42.04007793
0188,2019,53.11782918
0191,2019,3.81832179
0192,2019,29.97249656
0305,2019,13.0932738
0319,2019,15.26731252
0330,2019,5.99946907
0331,2019,4.64182102
0360,2019,40.14917502
0380,2019,6.69630775
0381,2019,11.40928341
0382,2019,20.8221371
0428,2019,41.63765954
0461,2019,32.78318522
0480,2019,7.36122687
0481,2019,0.0
0482,2019,13.31974176
0483,2019,9.52607638
0484,2019,2.8685204
0486,2019,6.73582426
0488,2019,32.68967236
0509,2019,84.64218708
0512,2019,42.82147316
0513,2019,76.70012724
0560,2019,30.7788007
0561,2019,28.81751825
0562,2019,9.95630462
0563,2019,38.02270839
0580,2019,6.26752595
0581,2019,32.9397038
0582,2019,49.90994809
0583,2019,11.39655312
0584,2019,6.25993641
0586,2019,7.59290356
0604,2019,13.89483702
0617,2019,2.37558878
0642,2019,2.0170859
0643,2019,0.01723544
0662,2019,2.32679739
0665,2019,10.08273009
0680,2019,6.5588094
0682,2019,3.77527086
0683,2019,4.71256685
0684,2019,17.80059906
0685,2019,7.73826788
0686,2019,5.18525164
0687,2019,6.38741636
0760,2019,8.03973304
0761,2019,34.11835749
0763,2019,24.24997292
0764,2019,4.09297625
0765,2019,14.03391768
0767,2019,10.37959668
0780,2019,1.17204279
0781,2019,6.89655172
0821,2019,7.65993266
0834,2019,9.17329388
0840,2019,8.70608398
0860,2019,7.00221017
0861,2019,1.20428189
0862,2019,16.23268698
0880,2019,1.5774191
0881,2019,6.9707113
0882,2019,9.59224208
0883,2019,14.14892277
0884,2019,17.75289884
0885,2019,10.89533249
0980,2019,99.48383464
1060,2019,0.65187414
1080,2019,8.68500724
1081,2019,2.41322314
1082,2019,12.46829874
1083,2019,23.19812793
1214,2019,16.88639551
1230,2019,3.60377722
1231,2019,0.0
1233,2019,0.80780882
1256,2019,3.4223301
1257,2019,0.0
1260,2019,0.01361841
1261,2019,0.66044802
1262,2019,0.0
1263,2019,4.06710727
1264,2019,10.76942231
1265,2019,11.54960174
1266,2019,11.79947461
1267,2019,27.28653575
1270,2019,6.30999766
1272,2019,4.05810123
1273,2019,8.95759501
1275,2019,0.0
1276,2019,9.22014216
1277,2019,0.02628121
1278,2019,0.0376053
1280,2019,0.03904906
1281,2019,0.03911707
1282,2019,1.13297555
1283,2019,0.21828893
1284,2019,0.0
1285,2019,5.32540715
1286,2019,5.88083036
1287,2019,11.84523561
1290,2019,2.15482005
1291,2019,3.83718732
1292,2019,2.55320957
1293,2019,2.93768937
1315,2019,4.49605479
1380,2019,5.41798324
1381,2019,2.26151093
1382,2019,10.16079606
1383,2019,8.19046595
1384,2019,7.15138016
1401,2019,4.09063444
1402,2019,0.03884752
1407,2019,0.09435446
1415,2019,34.63364456
1419,2019,30.09836066
1421,2019,21.97900226
1427,2019,13.00791082
1430,2019,0.86808026
1435,2019,23.90992542
1438,2019,3.67274569
1439,2019,10.20507813
1440,2019,4.74833808
1441,2019,2.12959009
1442,2019,1.29568106
1443,2019,50.95441276
1444,2019,10.82237848
1445,2019,17.11514393
1446,2019,5.18227305
1447,2019,0.48816207
1452,2019,61.70782505
1460,2019,14.73684211
1461,2019,4.89995917
1462,2019,3.36168489
1463,2019,12.60539629
1465,2019,58.33333333
1466,2019,0.10662875
1470,2019,6.19052599
1471,2019,6.39669848
1472,2019,0.89397742
1473,2019,14.30896956
1480,2019,2.32582737
1481,2019,1.09904072
1482,2019,13.32279022
1484,2019,23.63706267
1485,2019,3.67830046
1486,2019,9.67369076
1487,2019,4.42271419
1488,2019,2.26697439
1489,2019,0.45581881
1490,2019,6.3240052
1491,2019,15.60968877
1492,2019,0.95166541
1493,2019,4.32914739
1494,2019,6.98021491
1495,2019,1.14401698
1496,2019,8.08239266
1497,2019,11.87330317
1498,2019,1.11672428
1499,2019,5.87840858
1715,2019,38.93832001
1730,2019,17.07782906
1737,2019,32.68798617
1760,2019,62.23662885
1761,2019,0.02886419
1762,2019,0.12919897
1763,2019,0.06968641
1764,2019,14.5681211
1765,2019,40.81706435
1766,2019,30.89123867
1780,2019,3.06170313
1781,2019,7.20312391
1782,2019,21.42857143
1783,2019,17.19648476
1784,2019,8.19607843
1785,2019,2.09104367
1814,2019,1.39612419
1860,2019,8.07260568
1861,2019,1.83544304
1862,2019,13.14344544
1863,2019,49.41808415
1864,2019,7.39110287
1880,2019,1.51962906
1881,2019,0.85501183
1882,2019,12.3524069
1883,2019,9.30312867
1884,2019,10.52631579
1885,2019,18.15019875
1904,2019,38.76092137
1907,2019,13.14655172
1960,2019,14.05539479
1961,2019,5.25775547
1962,2019,12.92428198
1980,2019,7.39865082
1981,2019,12.22516651
1982,2019,3.40252233
1983,2019,8.09415652
1984,2019,6.2122905
2021,2019,31.57894737
2023,2019,37.47834456
2026,2019,11.32545115
2029,2019,9.88188321
2031,2019,10.58607638
2034,2019,18.28635015
2039,2019,47.57838091
2061,2019,22.35747112
2062,2019,29.06290485
2080,2019,2.47951572
2081,2019,4.66111383
2082,2019,6.39137696
2083,2019,12.16004696
2084,2019,9.67360803
2085,2019,6.8606192
2101,2019,3.46781505
2104,2019,17.12741313
2121,2019,16.17795753
2132,2019,4.35181544
2161,2019,25.90074779
2180,2019,2.11689265
2181,2019,10.83585892
2182,2019,8.61642295
2183,2019,28.42776121
2184,2019,11.91682327
2260,2019,34.39810294
2262,2019,4.91975796
2280,2019,9.39718781
2281,2019,4.30941839
2282,2019,9.43821673
2283,2019,17.94607236
2284,2019,20.46944198
2303,2019,19.80739768
2305,2019,74.21266509
2309,2019,24.54378681
2313,2019,36.72720766
2321,2019,1.01838381
2326,2019,17.57221458
2361,2019,71.98278672
2380,2019,1.95561801
2401,2019,17.74699908
2403,2019,33.26446281
2404,2019,26.75544794
2409,2019,48.0125138
2417,2019,14.8089172
2418,2019,83.63317244
2421,2019,68.50742693
2422,2019,91.42228739
2425,2019,13.75123072
2460,2019,7.78364116
2462,2019,42.5170068
2463,2019,44.64894342
2480,2019,5.16478655
2481,2019,33.44625113
2482,2019,9.73495464
2505,2019,25.38931599
2506,2019,61.62227603
2510,2019,38.3006254
2513,2019,63.84417257
2514,2019,13.49480969
2518,2019,65.08402241
2521,2019,79.6485841
2523,2019,51.63219962
2560,2019,18.61408035
2580,2019,12.99010671
2581,2019,6.65983169
2582,2019,19.76778627
2583,2019,5.49552331
2584,2019,18.02876757
0,2017,7.49
0114,2017,2.889
0115,2017,0.082
0117,2017,11.511
0120,2017,19.485
0123,2017,0.338
0125,2017,94.722
0126,2017,1.934
0127,2017,1.098
0128,2017,24.321
0136,2017,2.248
0138,2017,3.104
0139,2017,17.099
0140,2017,7.6
0160,2017,1.314
0162,2017,43.862
0163,2017,0.007
0180,2017,1.664
0181,2017,4.298
0182,2017,0.493
0183,2017,0.005
0184,2017,1.633
0186,2017,0.005
0187,2017,28.919
0188,2017,14.637
0191,2017,31.011
0192,2017,19.607
0305,2017,18.941
0319,2017,2.157
0330,2017,7.18
0331,2017,10.032
0360,2017,3.476
0380,2017,4.035
0381,2017,35.245
0382,2017,15.395
0428,2017,4.223
0461,2017,11.263
0480,2017,24.621
0481,2017,1.594
0482,2017,49.104
0483,2017,4.688
0484,2017,1.856
0486,2017,1.587
0488,2017,0.716
0509,2017,5.581
0512,2017,3.65
0513,2017,18.672
0560,2017,0.125
0561,2017,10.202
0562,2017,0.973
0563,2017,27.559
0580,2017,3.912
0581,2017,1.403
0582,2017,1.735
0583,2017,7.103
0584,2017,10.768
0586,2017,0.097
0604,2017,1.752
0617,2017,10.884
0642,2017,0.024
0643,2017,7.672
0662,2017,0.169
0665,2017,5.186
0680,2017,0.646
0682,2017,2.024
0683,2017,11.063
0684,2017,0.418
0685,2017,5.625
0686,2017,3.363
0687,2017,1.533
0760,2017,17.023
0761,2017,0.65
0763,2017,1.271
0764,2017,0.194
0765,2017,0.786
0767,2017,2.259
0780,2017,1.234
0781,2017,0.131
0821,2017,16.24
0834,2017,36.5
0840,2017,25.695
0860,2017,31.317
0861,2017,0.596
0862,2017,5.985
0880,2017,2.106
0881,2017,0.604
0882,2017,2.252
0883,2017,17.879
0884,2017,3.985
0885,2017,53.543
0980,2017,40.761
1060,2017,6.389
1080,2017,3.765
1081,2017,1.663
1082,2017,0.915
1083,2017,9.269
1214,2017,16.287
1230,2017,25.068
1231,2017,0.11
1233,2017,2.049
1256,2017,1.698
1257,2017,2.178
1260,2017,1.742
1261,2017,0.633
1262,2017,0.0
1263,2017,0.429
1264,2017,20.949
1265,2017,10.409
1266,2017,36.297
1267,2017,12.146
1270,2017,6.808
1272,2017,0.778
1273,2017,3.141
1275,2017,7.531
1276,2017,7.584
1277,2017,3.113
1278,2017,0.975
1280,2017,1.954
1281,2017,6.661
1282,2017,9.425
1283,2017,0.1
1284,2017,0.0
1285,2017,7.356
1286,2017,1.906
1287,2017,2.067
1290,2017,8.257
1291,2017,0.378
1292,2017,1.195
1293,2017,2.82
1315,2017,3.104
1380,2017,1.055
1381,2017,0.746
1382,2017,4.977
1383,2017,3.428
1384,2017,1.195
1401,2017,27.587
1402,2017,0.007
1407,2017,0.016
1415,2017,0.048
1419,2017,34.664
1421,2017,11.09
1427,2017,23.683
1430,2017,2.334
1435,2017,13.231
1438,2017,1.837
1439,2017,46.981
1440,2017,6.178
1441,2017,22.076
1442,2017,17.968
1443,2017,0.571
1444,2017,6.022
1445,2017,9.028
1446,2017,0.411
1447,2017,0.0
1452,2017,4.301
1460,2017,10.597
1461,2017,32.946
1462,2017,41.732
1463,2017,13.331
1465,2017,9.915
1466,2017,0.108
1470,2017,0.074
1471,2017,0.013
1472,2017,0.063
1473,2017,0.622
1480,2017,2.264
1481,2017,0.075
1482,2017,4.869
1484,2017,3.898
1485,2017,1.506
1486,2017,3.829
1487,2017,6.551
1488,2017,2.121
1489,2017,14.66
1490,2017,6.433
1491,2017,2.718
1492,2017,8.415
1493,2017,0.827
1494,2017,1.79
1495,2017,0.495
1496,2017,3.021
1497,2017,10.167
1498,2017,1.046
1499,2017,4.555
1715,2017,6.237
1730,2017,15.502
1737,2017,22.16
1760,2017,12.456
1761,2017,0.236
1762,2017,7.404
1763,2017,8.823
1764,2017,0.229
1765,2017,17.04
1766,2017,15.268
1780,2017,1.323
1781,2017,3.456
1782,2017,20.294
1783,2017,16.267
1784,2017,4.529
1785,2017,41.44
1814,2017,4.767
1860,2017,6.96
1861,2017,3.437
1862,2017,0.087
1863,2017,12.401
1864,2017,10.788
1880,2017,4.571
1881,2017,9.593
1882,2017,30.735
1883,2017,2.734
1884,2017,3.325
1885,2017,0.77
1904,2017,24.234
1907,2017,0.255
1960,2017,17.592
1961,2017,2.0
1962,2017,0.287
1980,2017,1.975
1981,2017,3.728
1982,2017,6.202
1983,2017,2.348
1984,2017,9.914
2021,2017,6.368
2023,2017,24.997
2026,2017,10.749
2029,2017,7.605
2031,2017,23.331
2034,2017,3.522
2039,2017,11.259
2061,2017,44.23
2062,2017,6.497
2080,2017,3.06
2081,2017,5.673
2082,2017,19.282
2083,2017,8.822
2084,2017,8.211
2085,2017,33.289
2101,2017,13.862
2104,2017,1.282
2121,2017,50.108
2132,2017,0.302
2161,2017,12.438
2180,2017,1.112
2181,2017,3.58
2182,2017,11.221
2183,2017,29.448
2184,2017,9.066
2260,2017,18.386
2262,2017,0.143
2280,2017,5.966
2281,2017,0.473
2282,2017,11.961
2283,2017,35.957
2284,2017,21.239
2303,2017,10.559
2305,2017,28.182
2309,2017,4.152
2313,2017,35.497
2321,2017,9.57
2326,2017,2.62
2361,2017,17.121
2380,2017,0.048
2401,2017,3.171
2403,2017,84.845
2404,2017,36.535
2409,2017,18.071
2417,2017,26.234
2418,2017,26.242
2421,2017,24.963
2422,2017,97.894
2425,2017,54.79
2460,2017,1.315
2462,2017,13.146
2463,2017,40.041
2480,2017,4.152
2481,2017,31.35
2482,2017,17.917
2505,2017,40.336
2506,2017,43.106
2510,2017,24.518
2513,2017,65.626
2514,2017,34.196
2518,2017,87.764
2521,2017,88.794
2523,2017,16.298
2560,2017,23.395
2580,2017,6.383
2581,2017,7.867
2582,2017,12.912
2583,2017,15.745
2584,2017,19.821
0,2021,7.1032483
0114,2021,8.49954991
0115,2021,7.00179533
0117,2021,11.75525873
0120,2021,14.60824198
0123,2021,1.43462667
0125,2021,18.20698467
0126,2021,3.23300691
0127,2021,3.11745834
0128,2021,2.48263632
0136,2021,5.63297515
0138,2021,2.28175668
0139,2021,2.30776506
0140,2021,5.84379097
0160,2021,0.34562577
0162,2021,5.45053328
0163,2021,0.0
0180,2021,1.24486501
0181,2021,0.1468611
0182,2021,0.16899322
0183,2021,1.46261929
0184,2021,7.05868593
0186,2021,0.00877232
0187,2021,3.33607908
0188,2021,8.69060379
0191,2021,2.95712174
0192,2021,19.84647765
0305,2021,27.33465796
0319,2021,0.67459613
0330,2021,0.40160643
0331,2021,12.6360937
0360,2021,2.52712948
0380,2021,2.41222698
0381,2021,9.76893348
0382,2021,18.93417636
0428,2021,17.08965063
0461,2021,7.41922064
0480,2021,7.22045358
0481,2021,4.03587444
0482,2021,42.67757719
0483,2021,16.66141898
0484,2021,1.71626462
0486,2021,1.99203187
0488,2021,1.16648993
0509,2021,52.63580412
0512,2021,12.44929797
0513,2021,27.35835794
0560,2021,8.00689825
0561,2021,13.9633081
0562,2021,2.30027017
0563,2021,30.44867343
0580,2021,3.17707694
0581,2021,1.57071217
0582,2021,23.66684128
0583,2021,3.66659988
0584,2021,0.01975504
0586,2021,0.0335278
0604,2021,12.34304667
0617,2021,63.31709298
0642,2021,2.88326301
0643,2021,0.03415301
0662,2021,1.58886482
0665,2021,0.05
0680,2021,1.77296233
0682,2021,3.44425957
0683,2021,7.26697385
0684,2021,10.94414517
0685,2021,7.91375224
0686,2021,10.19170753
0687,2021,3.21223053
0760,2021,1.24358775
0761,2021,0.0199362
0763,2021,3.36470843
0764,2021,0.00995718
0765,2021,43.73348433
0767,2021,1.03153551
0780,2021,0.08805107
0781,2021,0.55310923
0821,2021,13.05081172
0834,2021,39.99262809
0840,2021,0.88717777
0860,2021,14.58165728
0861,2021,0.74693423
0862,2021,8.41447731
0880,2021,3.81622538
0881,2021,9.08338164
0882,2021,7.79790057
0883,2021,8.3944783
0884,2021,8.05762544
0885,2021,5.8244083
0980,2021,11.931462
1060,2021,1.03870409
1080,2021,1.4968652
1081,2021,16.5284748
1082,2021,3.9624609
1083,2021,4.30563044
1214,2021,4.14804469
1230,2021,0.0
1231,2021,0.0
1233,2021,3.90142615
1256,2021,14.67265881
1257,2021,3.06582507
1260,2021,0.30715812
1261,2021,21.61979904
1262,2021,15.58374051
1263,2021,2.43280361
1264,2021,12.9776496
1265,2021,1.98645598
1266,2021,20.46096978
1267,2021,5.39868008
1270,2021,3.31669044
1272,2021,1.11259457
1273,2021,7.37535048
1275,2021,20.57315937
1276,2021,0.06986725
1277,2021,0.01304291
1278,2021,5.05757178
1280,2021,0.16146394
1281,2021,0.39173588
1282,2021,1.28557949
1283,2021,0.46873789
1284,2021,0.0
1285,2021,38.03945746
1286,2021,0.11189665
1287,2021,10.64210264
1290,2021,3.1276046
1291,2021,2.17324196
1292,2021,0.28981907
1293,2021,2.71028342
1315,2021,3.89764951
1380,2021,1.76497672
1381,2021,2.33001483
1382,2021,3.03724928
1383,2021,2.97651771
1384,2021,9.53313489
1401,2021,0.61302682
1402,2021,0.0
1407,2021,0.17046335
1415,2021,7.16873507
1419,2021,6.52086192
1421,2021,47.54542989
1427,2021,52.50199274
1430,2021,0.22490863
1435,2021,1.08779564
1438,2021,0.10070494
1439,2021,4.07470289
1440,2021,2.82647585
1441,2021,0.48723652
1442,2021,8.88673453
1443,2021,3.01191766
1444,2021,6.30162129
1445,2021,4.90074442
1446,2021,26.10385023
1447,2021,12.90165531
1452,2021,3.4421628
1460,2021,3.24658919
1461,2021,0.74667391
1462,2021,3.02869991
1463,2021,19.20895215
1465,2021,3.14084507
1466,2021,8.5583201
1470,2021,16.44900498
1471,2021,1.44649258
1472,2021,0.0
1473,2021,20.65955383
1480,2021,1.61158554
1481,2021,1.82547453
1482,2021,5.82717689
1484,2021,18.36563406
1485,2021,0.03616201
1486,2021,7.33048259
1487,2021,2.1571574
1488,2021,2.01250416
1489,2021,0.18759086
1490,2021,1.20599202
1491,2021,11.33649932
1492,2021,0.01244091
1493,2021,7.20266911
1494,2021,2.76062019
1495,2021,9.984313
1496,2021,2.06370722
1497,2021,5.55555556
1498,2021,4.81943707
1499,2021,7.33838412
1715,2021,6.33612942
1730,2021,18.50381194
1737,2021,39.20946583
1760,2021,49.75876488
1761,2021,0.17052721
1762,2021,0.13152126
1763,2021,12.61324042
1764,2021,7.77698864
1765,2021,14.10009625
1766,2021,17.62237762
1780,2021,0.32304684
1781,2021,8.97463077
1782,2021,23.74278648
1783,2021,17.53682842
1784,2021,10.87077712
1785,2021,3.09565864
1814,2021,0.509684
1860,2021,4.74383302
1861,2021,7.77801135
1862,2021,8.35477784
1863,2021,40.3251742
1864,2021,1.77032378
1880,2021,2.63148182
1881,2021,3.7849501
1882,2021,14.64946719
1883,2021,9.53812517
1884,2021,9.48747481
1885,2021,14.9900681
1904,2021,36.81304233
1907,2021,5.85831063
1960,2021,7.65922589
1961,2021,6.35406048
1962,2021,57.52006213
1980,2021,10.34697193
1981,2021,25.86157586
1982,2021,10.1542925
1983,2021,10.479989
1984,2021,18.76455584
2021,2021,3.33087965
2023,2021,42.14714163
2026,2021,12.80134269
2029,2021,7.1758115
2031,2021,9.18320785
2034,2021,1.76243804
2039,2021,33.94197379
2061,2021,19.67737963
2062,2021,10.56368025
2080,2021,3.06630084
2081,2021,4.94817895
2082,2021,13.98090122
2083,2021,5.5669299
2084,2021,3.77963322
2085,2021,4.73383459
2101,2021,19.82487652
2104,2021,19.61722488
2121,2021,3.87969165
2132,2021,39.35863874
2161,2021,20.08224349
2180,2021,1.85997278
2181,2021,4.97121926
2182,2021,1.04673944
2183,2021,11.29483
2184,2021,14.684776
2260,2021,29.12457912
2262,2021,15.01235853
2280,2021,5.00661514
2281,2021,6.43154857
2282,2021,32.37214715
2283,2021,32.92084342
2284,2021,22.67126518
2303,2021,28.0881711
2305,2021,76.6183412
2309,2021,9.38864629
2313,2021,26.43450018
2321,2021,8.08230665
2326,2021,40.54626533
2361,2021,66.93798931
2380,2021,0.65246143
2401,2021,19.75399302
2403,2021,23.6937403
2404,2021,36.95495061
2409,2021,61.97544438
2417,2021,33.26935381
2418,2021,16.98943662
2421,2021,45.67843321
2422,2021,96.70767004
2425,2021,21.11658456
2460,2021,0.32729653
2462,2021,59.91442706
2463,2021,83.8974359
2480,2021,5.65934921
2481,2021,20.96119134
2482,2021,14.59378016
2505,2021,32.99669839
2506,2021,38.28402367
2510,2021,44.17413572
2513,2021,97.19535783
2514,2021,26.55627941
2518,2021,58.1530343
2521,2021,29.61767205
2523,2021,32.92149292
2560,2021,8.17113478
2580,2021,6.77856527
2581,2021,2.33119993
2582,2021,25.67885271
2583,2021,23.73193975
2584,2021,9.96817017
0,2022,7.93619928
0114,2022,0.20891696
0115,2022,12.10605961
0117,2022,13.82958187
0120,2022,16.87676154
0123,2022,2.08719399
0125,2022,69.15468906
0126,2022,26.03185925
0127,2022,5.87192617
0128,2022,0.49325403
0136,2022,19.29139273
0138,2022,6.35304226
0139,2022,40.93207096
0140,2022,14.09612626
0160,2022,3.44500032
0162,2022,0.46157228
0163,2022,0.00335548
0180,2022,0.02064057
0181,2022,10.24478322
0182,2022,0.40845859
0183,2022,0.0
0184,2022,0.0
0186,2022,0.07043494
0187,2022,6.19602467
0188,2022,26.75078195
0191,2022,10.56751468
0192,2022,28.17574606
0305,2022,79.2388847
0319,2022,49.75203684
0330,2022,7.31798849
0331,2022,8.27215953
0360,2022,31.65462321
0380,2022,1.96164887
0381,2022,13.20200661
0382,2022,13.88608022
0428,2022,8.07351493
0461,2022,6.85816383
0480,2022,5.09583609
0481,2022,0.01372495
0482,2022,19.02475998
0483,2022,15.52530396
0484,2022,3.38720016
0486,2022,4.64203546
0488,2022,1.68914956
0509,2022,20.87326944
0512,2022,47.19800747
0513,2022,31.14731077
0560,2022,36.48915187
0561,2022,26.78365938
0562,2022,17.23181258
0563,2022,24.70719465
0580,2022,4.00928568
0581,2022,2.89346646
0582,2022,32.89542279
0583,2022,6.44473928
0584,2022,0.0
0586,2022,2.5577668
0604,2022,21.65215345
0617,2022,1.29266815
0642,2022,7.57434944
0643,2022,1.577811
0662,2022,5.87098494
0665,2022,4.3575419
0680,2022,2.31184214
0682,2022,5.16193213
0683,2022,1.84622188
0684,2022,7.3074205
0685,2022,5.06111207
0686,2022,7.80400891
0687,2022,12.91039672
0760,2022,12.16931217
0761,2022,0.05963029
0763,2022,12.37436507
0764,2022,2.5301443
0765,2022,1.69507398
0767,2022,15.51648352
0780,2022,0.74686159
0781,2022,2.10458843
0821,2022,23.86267902
0834,2022,13.24074074
0840,2022,17.79131007
0860,2022,17.84853355
0861,2022,4.37000887
0862,2022,10.92112521
0880,2022,1.00939514
0881,2022,4.11184211
0882,2022,16.36167311
0883,2022,15.33358058
0884,2022,24.95564755
0885,2022,41.68737737
0980,2022,42.82462232
1060,2022,1.0976813
1080,2022,4.99608457
1081,2022,8.14098735
1082,2022,5.83723684
1083,2022,10.12648524
1214,2022,19.86072423
1230,2022,1.32174878
1231,2022,0.01288992
1233,2022,0.96237495
1256,2022,0.71697655
1257,2022,3.26298458
1260,2022,0.72169007
1261,2022,5.45600966
1262,2022,0.0
1263,2022,0.54719562
1264,2022,9.19716647
1265,2022,7.7988666
1266,2022,16.70107574
1267,2022,53.64116949
1270,2022,5.467576
1272,2022,0.6773671
1273,2022,4.57405615
1275,2022,0.0
1276,2022,1.44739469
1277,2022,0.86776324
1278,2022,0.10694425
1280,2022,0.14436363
1281,2022,1.28026509
1282,2022,2.17770372
1283,2022,0.08042998
1284,2022,0.03619254
1285,2022,4.31885489
1286,2022,1.537843
1287,2022,0.84054594
1290,2022,10.23799669
1291,2022,0.26401424
1292,2022,2.24149812
1293,2022,2.32104545
1315,2022,10.12864114
1380,2022,0.6144654
1381,2022,3.00850572
1382,2022,5.37975741
1383,2022,2.27213303
1384,2022,10.21021021
1401,2022,1.22818358
1402,2022,0.01271294
1407,2022,0.09250694
1415,2022,10.38520801
1419,2022,12.70300691
1421,2022,9.75428146
1427,2022,27.19985907
1430,2022,12.8655793
1435,2022,4.00476091
1438,2022,2.89235413
1439,2022,42.0975965
1440,2022,2.59277726
1441,2022,0.36089754
1442,2022,10.37311032
1443,2022,0.0
1444,2022,6.59306961
1445,2022,98.88510375
1446,2022,25.54195804
1447,2022,29.84966052
1452,2022,32.2647363
1460,2022,10.87204151
1461,2022,26.36289666
1462,2022,4.62046205
1463,2022,6.64918235
1465,2022,6.5011987
1466,2022,63.4824452
1470,2022,35.65923338
1471,2022,1.43571337
1472,2022,9.53548981
1473,2022,23.43473362
1480,2022,0.34858752
1481,2022,3.42617153
1482,2022,10.50473058
1484,2022,0.67629179
1485,2022,4.18343444
1486,2022,7.35383811
1487,2022,2.49580034
1488,2022,0.80662983
1489,2022,13.51765088
1490,2022,0.25341382
1491,2022,3.1786006
1492,2022,1.71791361
1493,2022,5.64883509
1494,2022,0.10888684
1495,2022,1.7671422
1496,2022,3.73554499
1497,2022,69.63748895
1498,2022,3.6206218
1499,2022,1.32417308
1715,2022,6.95026962
1730,2022,27.06480305
1737,2022,9.83270741
1760,2022,41.73633441
1761,2022,0.19849709
1762,2022,0.1754386
1763,2022,4.81404241
1764,2022,14.62633452
1765,2022,27.74054572
1766,2022,14.70208647
1780,2022,1.74296559
1781,2022,4.81306099
1782,2022,10.29553265
1783,2022,10.75338753
1784,2022,11.56118143
1785,2022,3.51889778
1814,2022,17.81516011
1860,2022,7.26840855
1861,2022,4.82773065
1862,2022,6.75329116
1863,2022,11.40602582
1864,2022,5.75368521
1880,2022,7.59240637
1881,2022,0.0
1882,2022,20.71588367
1883,2022,3.49850259
1884,2022,1.06002005
1885,2022,21.31904018
1904,2022,12.96442688
1907,2022,7.29613734
1960,2022,17.19512195
1961,2022,8.34447415
1962,2022,3.36700337
1980,2022,6.06862475
1981,2022,11.45087368
1982,2022,2.61179264
1983,2022,10.96840659
1984,2022,36.50408298
2021,2022,1.69647796
2023,2022,2.19604593
2026,2022,0.76045627
2029,2022,8.64187418
2031,2022,13.14051469
2034,2022,1.72382175
2039,2022,23.86451116
2061,2022,2.17976978
2062,2022,3.96404049
2080,2022,1.23467889
2081,2022,2.99538427
2082,2022,7.22172486
2083,2022,6.50461838
2084,2022,72.33405672
2085,2022,6.64699862
2101,2022,1.11532456
2104,2022,13.15748882
2121,2022,13.01782576
2132,2022,7.62601201
2161,2022,27.34327552
2180,2022,0.37212641
2181,2022,15.42230316
2182,2022,4.87531521
2183,2022,12.17694994
2184,2022,14.78927514
2260,2022,43.81848834
2262,2022,13.51176623
2280,2022,1.55836928
2281,2022,2.79075722
2282,2022,18.25489433
2283,2022,22.57575758
2284,2022,16.73346693
2303,2022,9.23009624
2305,2022,29.14343639
2309,2022,1.30176399
2313,2022,48.28986554
2321,2022,3.88485543
2326,2022,26.89111902
2361,2022,42.75891445
2380,2022,2.56492559
2401,2022,9.08589296
2403,2022,3.73250389
2404,2022,85.52853359
2409,2022,15.81744868
2417,2022,25.44585987
2418,2022,15.38122521
2421,2022,34.4441855
2422,2022,94.81884058
2425,2022,51.0645267
2460,2022,12.46440307
2462,2022,73.59168997
2463,2022,90.25974026
2480,2022,2.15109697
2481,2022,35.76173854
2482,2022,9.28739667
2505,2022,32.38427271
2506,2022,97.97475785
2510,2022,40.05524862
2513,2022,78.43073943
2514,2022,16.00907029
2518,2022,23.40764331
2521,2022,30.9883031
2523,2022,29.88622856
2560,2022,0.2382698
2580,2022,4.74418605
2581,2022,3.05827076
2582,2022,16.21495054
2583,2022,4.3812452
2584,2022,11.94245699
