geo,year,gender,n09888
0000,2015,K,
0000,2015,M,
0114,2015,K,
0114,2015,M,
0115,2015,K,
0115,2015,M,
0117,2015,K,
0117,2015,M,
0120,2015,K,
0120,2015,M,
0123,2015,K,
0123,2015,M,
0125,2015,K,
0125,2015,M,
0126,2015,K,
0126,2015,M,
0127,2015,K,
0127,2015,M,
0128,2015,K,
0128,2015,M,
0136,2015,K,
0136,2015,M,
0138,2015,K,
0138,2015,M,
0139,2015,K,
0139,2015,M,
0140,2015,K,
0140,2015,M,
0160,2015,K,
0160,2015,M,
0162,2015,K,
0162,2015,M,
0163,2015,K,
0163,2015,M,
0180,2015,K,
0180,2015,M,
0181,2015,K,
0181,2015,M,
0182,2015,K,
0182,2015,M,
0183,2015,K,
0183,2015,M,
0184,2015,K,
0184,2015,M,
0186,2015,K,
0186,2015,M,
0187,2015,K,
0187,2015,M,
0188,2015,K,
0188,2015,M,
0191,2015,K,
0191,2015,M,
0192,2015,K,
0192,2015,M,
0305,2015,K,
0305,2015,M,
0319,2015,K,
0319,2015,M,
0330,2015,K,
0330,2015,M,
0331,2015,K,
0331,2015,M,
0360,2015,K,
0360,2015,M,
0380,2015,K,
0380,2015,M,
0381,2015,K,
0381,2015,M,
0382,2015,K,
0382,2015,M,
0428,2015,K,
0428,2015,M,
0461,2015,K,
0461,2015,M,
0480,2015,K,
0480,2015,M,
0481,2015,K,
0481,2015,M,
0482,2015,K,
0482,2015,M,
0483,2015,K,
0483,2015,M,
0484,2015,K,
0484,2015,M,
0486,2015,K,
0486,2015,M,
0488,2015,K,
0488,2015,M,
0509,2015,K,
0509,2015,M,
0512,2015,K,
0512,2015,M,
0513,2015,K,
0513,2015,M,
0560,2015,K,
0560,2015,M,
0561,2015,K,
0561,2015,M,
0562,2015,K,
0562,2015,M,
0563,2015,K,
0563,2015,M,
0580,2015,K,
0580,2015,M,
0581,2015,K,
0581,2015,M,
0582,2015,K,
0582,2015,M,
0583,2015,K,
0583,2015,M,
0584,2015,K,
0584,2015,M,
0586,2015,K,
0586,2015,M,
0604,2015,K,
0604,2015,M,
0617,2015,K,
0617,2015,M,
0642,2015,K,
0642,2015,M,
0643,2015,K,
0643,2015,M,
0662,2015,K,
0662,2015,M,
0665,2015,K,
0665,2015,M,
0680,2015,K,
0680,2015,M,
0682,2015,K,
0682,2015,M,
0683,2015,K,
0683,2015,M,
0684,2015,K,
0684,2015,M,
0685,2015,K,
0685,2015,M,
0686,2015,K,
0686,2015,M,
0687,2015,K,
0687,2015,M,
0760,2015,K,
0760,2015,M,
0761,2015,K,
0761,2015,M,
0763,2015,K,
0763,2015,M,
0764,2015,K,
0764,2015,M,
0765,2015,K,
0765,2015,M,
0767,2015,K,
0767,2015,M,
0780,2015,K,
0780,2015,M,
0781,2015,K,
0781,2015,M,
0821,2015,K,
0821,2015,M,
0834,2015,K,
0834,2015,M,
0840,2015,K,
0840,2015,M,
0860,2015,K,
0860,2015,M,
0861,2015,K,
0861,2015,M,
0862,2015,K,
0862,2015,M,
0880,2015,K,
0880,2015,M,
0881,2015,K,
0881,2015,M,
0882,2015,K,
0882,2015,M,
0883,2015,K,
0883,2015,M,
0884,2015,K,
0884,2015,M,
0885,2015,K,
0885,2015,M,
0980,2015,K,
0980,2015,M,
1060,2015,K,
1060,2015,M,
1080,2015,K,
1080,2015,M,
1081,2015,K,
1081,2015,M,
1082,2015,K,
1082,2015,M,
1083,2015,K,
1083,2015,M,
1214,2015,K,
1214,2015,M,
1230,2015,K,
1230,2015,M,
1231,2015,K,
1231,2015,M,
1233,2015,K,
1233,2015,M,
1256,2015,K,
1256,2015,M,
1257,2015,K,
1257,2015,M,
1260,2015,K,
1260,2015,M,
1261,2015,K,
1261,2015,M,
1262,2015,K,
1262,2015,M,
1263,2015,K,
1263,2015,M,
1264,2015,K,
1264,2015,M,
1265,2015,K,
1265,2015,M,
1266,2015,K,
1266,2015,M,
1267,2015,K,
1267,2015,M,
1270,2015,K,
1270,2015,M,
1272,2015,K,
1272,2015,M,
1273,2015,K,
1273,2015,M,
1275,2015,K,
1275,2015,M,
1276,2015,K,
1276,2015,M,
1277,2015,K,
1277,2015,M,
1278,2015,K,
1278,2015,M,
1280,2015,K,
1280,2015,M,
1281,2015,K,
1281,2015,M,
1282,2015,K,
1282,2015,M,
1283,2015,K,
1283,2015,M,
1284,2015,K,
1284,2015,M,
1285,2015,K,
1285,2015,M,
1286,2015,K,
1286,2015,M,
1287,2015,K,
1287,2015,M,
1290,2015,K,
1290,2015,M,
1291,2015,K,
1291,2015,M,
1292,2015,K,
1292,2015,M,
1293,2015,K,
1293,2015,M,
1315,2015,K,
1315,2015,M,
1380,2015,K,
1380,2015,M,
1381,2015,K,
1381,2015,M,
1382,2015,K,
1382,2015,M,
1383,2015,K,
1383,2015,M,
1384,2015,K,
1384,2015,M,
1401,2015,K,
1401,2015,M,
1402,2015,K,
1402,2015,M,
1407,2015,K,
1407,2015,M,
1415,2015,K,
1415,2015,M,
1419,2015,K,
1419,2015,M,
1421,2015,K,
1421,2015,M,
1427,2015,K,
1427,2015,M,
1430,2015,K,
1430,2015,M,
1435,2015,K,
1435,2015,M,
1438,2015,K,
1438,2015,M,
1439,2015,K,
1439,2015,M,
1440,2015,K,
1440,2015,M,
1441,2015,K,
1441,2015,M,
1442,2015,K,
1442,2015,M,
1443,2015,K,
1443,2015,M,
1444,2015,K,
1444,2015,M,
1445,2015,K,
1445,2015,M,
1446,2015,K,
1446,2015,M,
1447,2015,K,
1447,2015,M,
1452,2015,K,
1452,2015,M,
1460,2015,K,
1460,2015,M,
1461,2015,K,
1461,2015,M,
1462,2015,K,
1462,2015,M,
1463,2015,K,
1463,2015,M,
1465,2015,K,
1465,2015,M,
1466,2015,K,
1466,2015,M,
1470,2015,K,
1470,2015,M,
1471,2015,K,
1471,2015,M,
1472,2015,K,
1472,2015,M,
1473,2015,K,
1473,2015,M,
1480,2015,K,
1480,2015,M,
1481,2015,K,
1481,2015,M,
1482,2015,K,
1482,2015,M,
1484,2015,K,
1484,2015,M,
1485,2015,K,
1485,2015,M,
1486,2015,K,
1486,2015,M,
1487,2015,K,
1487,2015,M,
1488,2015,K,
1488,2015,M,
1489,2015,K,
1489,2015,M,
1490,2015,K,
1490,2015,M,
1491,2015,K,
1491,2015,M,
1492,2015,K,
1492,2015,M,
1493,2015,K,
1493,2015,M,
1494,2015,K,
1494,2015,M,
1495,2015,K,
1495,2015,M,
1496,2015,K,
1496,2015,M,
1497,2015,K,
1497,2015,M,
1498,2015,K,
1498,2015,M,
1499,2015,K,
1499,2015,M,
1715,2015,K,
1715,2015,M,
1730,2015,K,
1730,2015,M,
1737,2015,K,
1737,2015,M,
1760,2015,K,
1760,2015,M,
1761,2015,K,
1761,2015,M,
1762,2015,K,
1762,2015,M,
1763,2015,K,
1763,2015,M,
1764,2015,K,
1764,2015,M,
1765,2015,K,
1765,2015,M,
1766,2015,K,
1766,2015,M,
1780,2015,K,
1780,2015,M,
1781,2015,K,
1781,2015,M,
1782,2015,K,
1782,2015,M,
1783,2015,K,
1783,2015,M,
1784,2015,K,
1784,2015,M,
1785,2015,K,
1785,2015,M,
1814,2015,K,
1814,2015,M,
1860,2015,K,
1860,2015,M,
1861,2015,K,
1861,2015,M,
1862,2015,K,
1862,2015,M,
1863,2015,K,
1863,2015,M,
1864,2015,K,
1864,2015,M,
1880,2015,K,
1880,2015,M,
1881,2015,K,
1881,2015,M,
1882,2015,K,
1882,2015,M,
1883,2015,K,
1883,2015,M,
1884,2015,K,
1884,2015,M,
1885,2015,K,
1885,2015,M,
1904,2015,K,
1904,2015,M,
1907,2015,K,
1907,2015,M,
1960,2015,K,
1960,2015,M,
1961,2015,K,
1961,2015,M,
1962,2015,K,
1962,2015,M,
1980,2015,K,
1980,2015,M,
1981,2015,K,
1981,2015,M,
1982,2015,K,
1982,2015,M,
1983,2015,K,
1983,2015,M,
1984,2015,K,
1984,2015,M,
2021,2015,K,
2021,2015,M,
2023,2015,K,
2023,2015,M,
2026,2015,K,
2026,2015,M,
2029,2015,K,
2029,2015,M,
2031,2015,K,
2031,2015,M,
2034,2015,K,
2034,2015,M,
2039,2015,K,
2039,2015,M,
2061,2015,K,
2061,2015,M,
2062,2015,K,
2062,2015,M,
2080,2015,K,
2080,2015,M,
2081,2015,K,
2081,2015,M,
2082,2015,K,
2082,2015,M,
2083,2015,K,
2083,2015,M,
2084,2015,K,
2084,2015,M,
2085,2015,K,
2085,2015,M,
2101,2015,K,
2101,2015,M,
2104,2015,K,
2104,2015,M,
2121,2015,K,
2121,2015,M,
2132,2015,K,
2132,2015,M,
2161,2015,K,
2161,2015,M,
2180,2015,K,
2180,2015,M,
2181,2015,K,
2181,2015,M,
2182,2015,K,
2182,2015,M,
2183,2015,K,
2183,2015,M,
2184,2015,K,
2184,2015,M,
2260,2015,K,
2260,2015,M,
2262,2015,K,
2262,2015,M,
2280,2015,K,
2280,2015,M,
2281,2015,K,
2281,2015,M,
2282,2015,K,
2282,2015,M,
2283,2015,K,
2283,2015,M,
2284,2015,K,
2284,2015,M,
2303,2015,K,
2303,2015,M,
2305,2015,K,
2305,2015,M,
2309,2015,K,
2309,2015,M,
2313,2015,K,
2313,2015,M,
2321,2015,K,
2321,2015,M,
2326,2015,K,
2326,2015,M,
2361,2015,K,
2361,2015,M,
2380,2015,K,
2380,2015,M,
2401,2015,K,
2401,2015,M,
2403,2015,K,
2403,2015,M,
2404,2015,K,
2404,2015,M,
2409,2015,K,
2409,2015,M,
2417,2015,K,
2417,2015,M,
2418,2015,K,
2418,2015,M,
2421,2015,K,
2421,2015,M,
2422,2015,K,
2422,2015,M,
2425,2015,K,
2425,2015,M,
2460,2015,K,
2460,2015,M,
2462,2015,K,
2462,2015,M,
2463,2015,K,
2463,2015,M,
2480,2015,K,
2480,2015,M,
2481,2015,K,
2481,2015,M,
2482,2015,K,
2482,2015,M,
2505,2015,K,
2505,2015,M,
2506,2015,K,
2506,2015,M,
2510,2015,K,
2510,2015,M,
2513,2015,K,
2513,2015,M,
2514,2015,K,
2514,2015,M,
2518,2015,K,
2518,2015,M,
2521,2015,K,
2521,2015,M,
2523,2015,K,
2523,2015,M,
2560,2015,K,
2560,2015,M,
2580,2015,K,
2580,2015,M,
2581,2015,K,
2581,2015,M,
2582,2015,K,
2582,2015,M,
2583,2015,K,
2583,2015,M,
2584,2015,K,
2584,2015,M,
0000,2016,K,
0000,2016,M,
0114,2016,K,
0114,2016,M,
0115,2016,K,
0115,2016,M,
0117,2016,K,
0117,2016,M,
0120,2016,K,
0120,2016,M,
0123,2016,K,
0123,2016,M,
0125,2016,K,
0125,2016,M,
0126,2016,K,
0126,2016,M,
0127,2016,K,
0127,2016,M,
0128,2016,K,
0128,2016,M,
0136,2016,K,
0136,2016,M,
0138,2016,K,
0138,2016,M,
0139,2016,K,
0139,2016,M,
0140,2016,K,
0140,2016,M,
0160,2016,K,
0160,2016,M,
0162,2016,K,
0162,2016,M,
0163,2016,K,
0163,2016,M,
0180,2016,K,
0180,2016,M,
0181,2016,K,
0181,2016,M,
0182,2016,K,
0182,2016,M,
0183,2016,K,
0183,2016,M,
0184,2016,K,
0184,2016,M,
0186,2016,K,
0186,2016,M,
0187,2016,K,
0187,2016,M,
0188,2016,K,
0188,2016,M,
0191,2016,K,
0191,2016,M,
0192,2016,K,
0192,2016,M,
0305,2016,K,
0305,2016,M,
0319,2016,K,
0319,2016,M,
0330,2016,K,
0330,2016,M,
0331,2016,K,
0331,2016,M,
0360,2016,K,
0360,2016,M,
0380,2016,K,
0380,2016,M,
0381,2016,K,
0381,2016,M,
0382,2016,K,
0382,2016,M,
0428,2016,K,
0428,2016,M,
0461,2016,K,
0461,2016,M,
0480,2016,K,
0480,2016,M,
0481,2016,K,
0481,2016,M,
0482,2016,K,
0482,2016,M,
0483,2016,K,
0483,2016,M,
0484,2016,K,
0484,2016,M,
0486,2016,K,
0486,2016,M,
0488,2016,K,
0488,2016,M,
0509,2016,K,
0509,2016,M,
0512,2016,K,
0512,2016,M,
0513,2016,K,
0513,2016,M,
0560,2016,K,
0560,2016,M,
0561,2016,K,
0561,2016,M,
0562,2016,K,
0562,2016,M,
0563,2016,K,
0563,2016,M,
0580,2016,K,
0580,2016,M,
0581,2016,K,
0581,2016,M,
0582,2016,K,
0582,2016,M,
0583,2016,K,
0583,2016,M,
0584,2016,K,
0584,2016,M,
0586,2016,K,
0586,2016,M,
0604,2016,K,
0604,2016,M,
0617,2016,K,
0617,2016,M,
0642,2016,K,
0642,2016,M,
0643,2016,K,
0643,2016,M,
0662,2016,K,
0662,2016,M,
0665,2016,K,
0665,2016,M,
0680,2016,K,
0680,2016,M,
0682,2016,K,
0682,2016,M,
0683,2016,K,
0683,2016,M,
0684,2016,K,
0684,2016,M,
0685,2016,K,
0685,2016,M,
0686,2016,K,
0686,2016,M,
0687,2016,K,
0687,2016,M,
0760,2016,K,
0760,2016,M,
0761,2016,K,
0761,2016,M,
0763,2016,K,
0763,2016,M,
0764,2016,K,
0764,2016,M,
0765,2016,K,
0765,2016,M,
0767,2016,K,
0767,2016,M,
0780,2016,K,
0780,2016,M,
0781,2016,K,
0781,2016,M,
0821,2016,K,
0821,2016,M,
0834,2016,K,
0834,2016,M,
0840,2016,K,
0840,2016,M,
0860,2016,K,
0860,2016,M,
0861,2016,K,
0861,2016,M,
0862,2016,K,
0862,2016,M,
0880,2016,K,
0880,2016,M,
0881,2016,K,
0881,2016,M,
0882,2016,K,
0882,2016,M,
0883,2016,K,
0883,2016,M,
0884,2016,K,
0884,2016,M,
0885,2016,K,
0885,2016,M,
0980,2016,K,
0980,2016,M,
1060,2016,K,
1060,2016,M,
1080,2016,K,
1080,2016,M,
1081,2016,K,
1081,2016,M,
1082,2016,K,
1082,2016,M,
1083,2016,K,
1083,2016,M,
1214,2016,K,
1214,2016,M,
1230,2016,K,
1230,2016,M,
1231,2016,K,
1231,2016,M,
1233,2016,K,
1233,2016,M,
1256,2016,K,
1256,2016,M,
1257,2016,K,
1257,2016,M,
1260,2016,K,
1260,2016,M,
1261,2016,K,
1261,2016,M,
1262,2016,K,
1262,2016,M,
1263,2016,K,
1263,2016,M,
1264,2016,K,
1264,2016,M,
1265,2016,K,
1265,2016,M,
1266,2016,K,
1266,2016,M,
1267,2016,K,
1267,2016,M,
1270,2016,K,
1270,2016,M,
1272,2016,K,
1272,2016,M,
1273,2016,K,
1273,2016,M,
1275,2016,K,
1275,2016,M,
1276,2016,K,
1276,2016,M,
1277,2016,K,
1277,2016,M,
1278,2016,K,
1278,2016,M,
1280,2016,K,
1280,2016,M,
1281,2016,K,
1281,2016,M,
1282,2016,K,
1282,2016,M,
1283,2016,K,
1283,2016,M,
1284,2016,K,
1284,2016,M,
1285,2016,K,
1285,2016,M,
1286,2016,K,
1286,2016,M,
1287,2016,K,
1287,2016,M,
1290,2016,K,
1290,2016,M,
1291,2016,K,
1291,2016,M,
1292,2016,K,
1292,2016,M,
1293,2016,K,
1293,2016,M,
1315,2016,K,
1315,2016,M,
1380,2016,K,
1380,2016,M,
1381,2016,K,
1381,2016,M,
1382,2016,K,
1382,2016,M,
1383,2016,K,
1383,2016,M,
1384,2016,K,
1384,2016,M,
1401,2016,K,
1401,2016,M,
1402,2016,K,
1402,2016,M,
1407,2016,K,
1407,2016,M,
1415,2016,K,
1415,2016,M,
1419,2016,K,
1419,2016,M,
1421,2016,K,
1421,2016,M,
1427,2016,K,
1427,2016,M,
1430,2016,K,
1430,2016,M,
1435,2016,K,
1435,2016,M,
1438,2016,K,
1438,2016,M,
1439,2016,K,
1439,2016,M,
1440,2016,K,
1440,2016,M,
1441,2016,K,
1441,2016,M,
1442,2016,K,
1442,2016,M,
1443,2016,K,
1443,2016,M,
1444,2016,K,
1444,2016,M,
1445,2016,K,
1445,2016,M,
1446,2016,K,
1446,2016,M,
1447,2016,K,
1447,2016,M,
1452,2016,K,
1452,2016,M,
1460,2016,K,
1460,2016,M,
1461,2016,K,
1461,2016,M,
1462,2016,K,
1462,2016,M,
1463,2016,K,
1463,2016,M,
1465,2016,K,
1465,2016,M,
1466,2016,K,
1466,2016,M,
1470,2016,K,
1470,2016,M,
1471,2016,K,
1471,2016,M,
1472,2016,K,
1472,2016,M,
1473,2016,K,
1473,2016,M,
1480,2016,K,
1480,2016,M,
1481,2016,K,
1481,2016,M,
1482,2016,K,
1482,2016,M,
1484,2016,K,
1484,2016,M,
1485,2016,K,
1485,2016,M,
1486,2016,K,
1486,2016,M,
1487,2016,K,
1487,2016,M,
1488,2016,K,
1488,2016,M,
1489,2016,K,
1489,2016,M,
1490,2016,K,
1490,2016,M,
1491,2016,K,
1491,2016,M,
1492,2016,K,
1492,2016,M,
1493,2016,K,
1493,2016,M,
1494,2016,K,
1494,2016,M,
1495,2016,K,
1495,2016,M,
1496,2016,K,
1496,2016,M,
1497,2016,K,
1497,2016,M,
1498,2016,K,
1498,2016,M,
1499,2016,K,
1499,2016,M,
1715,2016,K,
1715,2016,M,
1730,2016,K,
1730,2016,M,
1737,2016,K,
1737,2016,M,
1760,2016,K,
1760,2016,M,
1761,2016,K,
1761,2016,M,
1762,2016,K,
1762,2016,M,
1763,2016,K,
1763,2016,M,
1764,2016,K,
1764,2016,M,
1765,2016,K,
1765,2016,M,
1766,2016,K,
1766,2016,M,
1780,2016,K,
1780,2016,M,
1781,2016,K,
1781,2016,M,
1782,2016,K,
1782,2016,M,
1783,2016,K,
1783,2016,M,
1784,2016,K,
1784,2016,M,
1785,2016,K,
1785,2016,M,
1814,2016,K,
1814,2016,M,
1860,2016,K,
1860,2016,M,
1861,2016,K,
1861,2016,M,
1862,2016,K,
1862,2016,M,
1863,2016,K,
1863,2016,M,
1864,2016,K,
1864,2016,M,
1880,2016,K,
1880,2016,M,
1881,2016,K,
1881,2016,M,
1882,2016,K,
1882,2016,M,
1883,2016,K,
1883,2016,M,
1884,2016,K,
1884,2016,M,
1885,2016,K,
1885,2016,M,
1904,2016,K,
1904,2016,M,
1907,2016,K,
1907,2016,M,
1960,2016,K,
1960,2016,M,
1961,2016,K,
1961,2016,M,
1962,2016,K,
1962,2016,M,
1980,2016,K,
1980,2016,M,
1981,2016,K,
1981,2016,M,
1982,2016,K,
1982,2016,M,
1983,2016,K,
1983,2016,M,
1984,2016,K,
1984,2016,M,
2021,2016,K,
2021,2016,M,
2023,2016,K,
2023,2016,M,
2026,2016,K,
2026,2016,M,
2029,2016,K,
2029,2016,M,
2031,2016,K,
2031,2016,M,
2034,2016,K,
2034,2016,M,
2039,2016,K,
2039,2016,M,
2061,2016,K,
2061,2016,M,
2062,2016,K,
2062,2016,M,
2080,2016,K,
2080,2016,M,
2081,2016,K,
2081,2016,M,
2082,2016,K,
2082,2016,M,
2083,2016,K,
2083,2016,M,
2084,2016,K,
2084,2016,M,
2085,2016,K,
2085,2016,M,
2101,2016,K,
2101,2016,M,
2104,2016,K,
2104,2016,M,
2121,2016,K,
2121,2016,M,
2132,2016,K,
2132,2016,M,
2161,2016,K,
2161,2016,M,
2180,2016,K,
2180,2016,M,
2181,2016,K,
2181,2016,M,
2182,2016,K,
2182,2016,M,
2183,2016,K,
2183,2016,M,
2184,2016,K,
2184,2016,M,
2260,2016,K,
2260,2016,M,
2262,2016,K,
2262,2016,M,
2280,2016,K,
2280,2016,M,
2281,2016,K,
2281,2016,M,
2282,2016,K,
2282,2016,M,
2283,2016,K,
2283,2016,M,
2284,2016,K,
2284,2016,M,
2303,2016,K,
2303,2016,M,
2305,2016,K,
2305,2016,M,
2309,2016,K,
2309,2016,M,
2313,2016,K,
2313,2016,M,
2321,2016,K,
2321,2016,M,
2326,2016,K,
2326,2016,M,
2361,2016,K,
2361,2016,M,
2380,2016,K,
2380,2016,M,
2401,2016,K,
2401,2016,M,
2403,2016,K,
2403,2016,M,
2404,2016,K,
2404,2016,M,
2409,2016,K,
2409,2016,M,
2417,2016,K,
2417,2016,M,
2418,2016,K,
2418,2016,M,
2421,2016,K,
2421,2016,M,
2422,2016,K,
2422,2016,M,
2425,2016,K,
2425,2016,M,
2460,2016,K,
2460,2016,M,
2462,2016,K,
2462,2016,M,
2463,2016,K,
2463,2016,M,
2480,2016,K,
2480,2016,M,
2481,2016,K,
2481,2016,M,
2482,2016,K,
2482,2016,M,
2505,2016,K,
2505,2016,M,
2506,2016,K,
2506,2016,M,
2510,2016,K,
2510,2016,M,
2513,2016,K,
2513,2016,M,
2514,2016,K,
2514,2016,M,
2518,2016,K,
2518,2016,M,
2521,2016,K,
2521,2016,M,
2523,2016,K,
2523,2016,M,
2560,2016,K,
2560,2016,M,
2580,2016,K,
2580,2016,M,
2581,2016,K,
2581,2016,M,
2582,2016,K,
2582,2016,M,
2583,2016,K,
2583,2016,M,
2584,2016,K,
2584,2016,M,
0000,2017,K,
0000,2017,M,
0114,2017,K,
0114,2017,M,
0115,2017,K,
0115,2017,M,
0117,2017,K,
0117,2017,M,
0120,2017,K,
0120,2017,M,
0123,2017,K,
0123,2017,M,
0125,2017,K,
0125,2017,M,
0126,2017,K,
0126,2017,M,
0127,2017,K,
0127,2017,M,
0128,2017,K,
0128,2017,M,
0136,2017,K,
0136,2017,M,
0138,2017,K,
0138,2017,M,
0139,2017,K,
0139,2017,M,
0140,2017,K,
0140,2017,M,
0160,2017,K,
0160,2017,M,
0162,2017,K,
0162,2017,M,
0163,2017,K,
0163,2017,M,
0180,2017,K,
0180,2017,M,
0181,2017,K,
0181,2017,M,
0182,2017,K,
0182,2017,M,
0183,2017,K,
0183,2017,M,
0184,2017,K,
0184,2017,M,
0186,2017,K,
0186,2017,M,
0187,2017,K,
0187,2017,M,
0188,2017,K,
0188,2017,M,
0191,2017,K,
0191,2017,M,
0192,2017,K,
0192,2017,M,
0305,2017,K,
0305,2017,M,
0319,2017,K,
0319,2017,M,
0330,2017,K,
0330,2017,M,
0331,2017,K,
0331,2017,M,
0360,2017,K,
0360,2017,M,
0380,2017,K,
0380,2017,M,
0381,2017,K,
0381,2017,M,
0382,2017,K,
0382,2017,M,
0428,2017,K,
0428,2017,M,
0461,2017,K,
0461,2017,M,
0480,2017,K,
0480,2017,M,
0481,2017,K,
0481,2017,M,
0482,2017,K,
0482,2017,M,
0483,2017,K,
0483,2017,M,
0484,2017,K,
0484,2017,M,
0486,2017,K,
0486,2017,M,
0488,2017,K,
0488,2017,M,
0509,2017,K,
0509,2017,M,
0512,2017,K,
0512,2017,M,
0513,2017,K,
0513,2017,M,
0560,2017,K,
0560,2017,M,
0561,2017,K,
0561,2017,M,
0562,2017,K,
0562,2017,M,
0563,2017,K,
0563,2017,M,
0580,2017,K,
0580,2017,M,
0581,2017,K,
0581,2017,M,
0582,2017,K,
0582,2017,M,
0583,2017,K,
0583,2017,M,
0584,2017,K,
0584,2017,M,
0586,2017,K,
0586,2017,M,
0604,2017,K,
0604,2017,M,
0617,2017,K,
0617,2017,M,
0642,2017,K,
0642,2017,M,
0643,2017,K,
0643,2017,M,
0662,2017,K,
0662,2017,M,
0665,2017,K,
0665,2017,M,
0680,2017,K,
0680,2017,M,
0682,2017,K,
0682,2017,M,
0683,2017,K,
0683,2017,M,
0684,2017,K,
0684,2017,M,
0685,2017,K,
0685,2017,M,
0686,2017,K,
0686,2017,M,
0687,2017,K,
0687,2017,M,
0760,2017,K,
0760,2017,M,
0761,2017,K,
0761,2017,M,
0763,2017,K,
0763,2017,M,
0764,2017,K,
0764,2017,M,
0765,2017,K,
0765,2017,M,
0767,2017,K,
0767,2017,M,
0780,2017,K,
0780,2017,M,
0781,2017,K,
0781,2017,M,
0821,2017,K,
0821,2017,M,
0834,2017,K,
0834,2017,M,
0840,2017,K,
0840,2017,M,
0860,2017,K,
0860,2017,M,
0861,2017,K,
0861,2017,M,
0862,2017,K,
0862,2017,M,
0880,2017,K,
0880,2017,M,
0881,2017,K,
0881,2017,M,
0882,2017,K,
0882,2017,M,
0883,2017,K,
0883,2017,M,
0884,2017,K,
0884,2017,M,
0885,2017,K,
0885,2017,M,
0980,2017,K,
0980,2017,M,
1060,2017,K,
1060,2017,M,
1080,2017,K,
1080,2017,M,
1081,2017,K,
1081,2017,M,
1082,2017,K,
1082,2017,M,
1083,2017,K,
1083,2017,M,
1214,2017,K,
1214,2017,M,
1230,2017,K,
1230,2017,M,
1231,2017,K,
1231,2017,M,
1233,2017,K,
1233,2017,M,
1256,2017,K,
1256,2017,M,
1257,2017,K,
1257,2017,M,
1260,2017,K,
1260,2017,M,
1261,2017,K,
1261,2017,M,
1262,2017,K,
1262,2017,M,
1263,2017,K,
1263,2017,M,
1264,2017,K,
1264,2017,M,
1265,2017,K,
1265,2017,M,
1266,2017,K,
1266,2017,M,
1267,2017,K,
1267,2017,M,
1270,2017,K,
1270,2017,M,
1272,2017,K,
1272,2017,M,
1273,2017,K,
1273,2017,M,
1275,2017,K,
1275,2017,M,
1276,2017,K,
1276,2017,M,
1277,2017,K,
1277,2017,M,
1278,2017,K,
1278,2017,M,
1280,2017,K,
1280,2017,M,
1281,2017,K,
1281,2017,M,
1282,2017,K,
1282,2017,M,
1283,2017,K,
1283,2017,M,
1284,2017,K,
1284,2017,M,
1285,2017,K,
1285,2017,M,
1286,2017,K,
1286,2017,M,
1287,2017,K,
1287,2017,M,
1290,2017,K,
1290,2017,M,
1291,2017,K,
1291,2017,M,
1292,2017,K,
1292,2017,M,
1293,2017,K,
1293,2017,M,
1315,2017,K,
1315,2017,M,
1380,2017,K,
1380,2017,M,
1381,2017,K,
1381,2017,M,
1382,2017,K,
1382,2017,M,
1383,2017,K,
1383,2017,M,
1384,2017,K,
1384,2017,M,
1401,2017,K,
1401,2017,M,
1402,2017,K,
1402,2017,M,
1407,2017,K,
1407,2017,M,
1415,2017,K,
1415,2017,M,
1419,2017,K,
1419,2017,M,
1421,2017,K,
1421,2017,M,
1427,2017,K,
1427,2017,M,
1430,2017,K,
1430,2017,M,
1435,2017,K,
1435,2017,M,
1438,2017,K,
1438,2017,M,
1439,2017,K,
1439,2017,M,
1440,2017,K,
1440,2017,M,
1441,2017,K,
1441,2017,M,
1442,2017,K,
1442,2017,M,
1443,2017,K,
1443,2017,M,
1444,2017,K,
1444,2017,M,
1445,2017,K,
1445,2017,M,
1446,2017,K,
1446,2017,M,
1447,2017,K,
1447,2017,M,
1452,2017,K,
1452,2017,M,
1460,2017,K,
1460,2017,M,
1461,2017,K,
1461,2017,M,
1462,2017,K,
1462,2017,M,
1463,2017,K,
1463,2017,M,
1465,2017,K,
1465,2017,M,
1466,2017,K,
1466,2017,M,
1470,2017,K,
1470,2017,M,
1471,2017,K,
1471,2017,M,
1472,2017,K,
1472,2017,M,
1473,2017,K,
1473,2017,M,
1480,2017,K,
1480,2017,M,
1481,2017,K,
1481,2017,M,
1482,2017,K,
1482,2017,M,
1484,2017,K,
1484,2017,M,
1485,2017,K,
1485,2017,M,
1486,2017,K,
1486,2017,M,
1487,2017,K,
1487,2017,M,
1488,2017,K,
1488,2017,M,
1489,2017,K,
1489,2017,M,
1490,2017,K,
1490,2017,M,
1491,2017,K,
1491,2017,M,
1492,2017,K,
1492,2017,M,
1493,2017,K,
1493,2017,M,
1494,2017,K,
1494,2017,M,
1495,2017,K,
1495,2017,M,
1496,2017,K,
1496,2017,M,
1497,2017,K,
1497,2017,M,
1498,2017,K,
1498,2017,M,
1499,2017,K,
1499,2017,M,
1715,2017,K,
1715,2017,M,
1730,2017,K,
1730,2017,M,
1737,2017,K,
1737,2017,M,
1760,2017,K,
1760,2017,M,
1761,2017,K,
1761,2017,M,
1762,2017,K,
1762,2017,M,
1763,2017,K,
1763,2017,M,
1764,2017,K,
1764,2017,M,
1765,2017,K,
1765,2017,M,
1766,2017,K,
1766,2017,M,
1780,2017,K,
1780,2017,M,
1781,2017,K,
1781,2017,M,
1782,2017,K,
1782,2017,M,
1783,2017,K,
1783,2017,M,
1784,2017,K,
1784,2017,M,
1785,2017,K,
1785,2017,M,
1814,2017,K,
1814,2017,M,
1860,2017,K,
1860,2017,M,
1861,2017,K,
1861,2017,M,
1862,2017,K,
1862,2017,M,
1863,2017,K,
1863,2017,M,
1864,2017,K,
1864,2017,M,
1880,2017,K,
1880,2017,M,
1881,2017,K,
1881,2017,M,
1882,2017,K,
1882,2017,M,
1883,2017,K,
1883,2017,M,
1884,2017,K,
1884,2017,M,
1885,2017,K,
1885,2017,M,
1904,2017,K,
1904,2017,M,
1907,2017,K,
1907,2017,M,
1960,2017,K,
1960,2017,M,
1961,2017,K,
1961,2017,M,
1962,2017,K,
1962,2017,M,
1980,2017,K,
1980,2017,M,
1981,2017,K,
1981,2017,M,
1982,2017,K,
1982,2017,M,
1983,2017,K,
1983,2017,M,
1984,2017,K,
1984,2017,M,
2021,2017,K,
2021,2017,M,
2023,2017,K,
2023,2017,M,
2026,2017,K,
2026,2017,M,
2029,2017,K,
2029,2017,M,
2031,2017,K,
2031,2017,M,
2034,2017,K,
2034,2017,M,
2039,2017,K,
2039,2017,M,
2061,2017,K,
2061,2017,M,
2062,2017,K,
2062,2017,M,
2080,2017,K,
2080,2017,M,
2081,2017,K,
2081,2017,M,
2082,2017,K,
2082,2017,M,
2083,2017,K,
2083,2017,M,
2084,2017,K,
2084,2017,M,
2085,2017,K,
2085,2017,M,
2101,2017,K,
2101,2017,M,
2104,2017,K,
2104,2017,M,
2121,2017,K,
2121,2017,M,
2132,2017,K,
2132,2017,M,
2161,2017,K,
2161,2017,M,
2180,2017,K,
2180,2017,M,
2181,2017,K,
2181,2017,M,
2182,2017,K,
2182,2017,M,
2183,2017,K,
2183,2017,M,
2184,2017,K,
2184,2017,M,
2260,2017,K,
2260,2017,M,
2262,2017,K,
2262,2017,M,
2280,2017,K,
2280,2017,M,
2281,2017,K,
2281,2017,M,
2282,2017,K,
2282,2017,M,
2283,2017,K,
2283,2017,M,
2284,2017,K,
2284,2017,M,
2303,2017,K,
2303,2017,M,
2305,2017,K,
2305,2017,M,
2309,2017,K,
2309,2017,M,
2313,2017,K,
2313,2017,M,
2321,2017,K,
2321,2017,M,
2326,2017,K,
2326,2017,M,
2361,2017,K,
2361,2017,M,
2380,2017,K,
2380,2017,M,
2401,2017,K,
2401,2017,M,
2403,2017,K,
2403,2017,M,
2404,2017,K,
2404,2017,M,
2409,2017,K,
2409,2017,M,
2417,2017,K,
2417,2017,M,
2418,2017,K,
2418,2017,M,
2421,2017,K,
2421,2017,M,
2422,2017,K,
2422,2017,M,
2425,2017,K,
2425,2017,M,
2460,2017,K,
2460,2017,M,
2462,2017,K,
2462,2017,M,
2463,2017,K,
2463,2017,M,
2480,2017,K,
2480,2017,M,
2481,2017,K,
2481,2017,M,
2482,2017,K,
2482,2017,M,
2505,2017,K,
2505,2017,M,
2506,2017,K,
2506,2017,M,
2510,2017,K,
2510,2017,M,
2513,2017,K,
2513,2017,M,
2514,2017,K,
2514,2017,M,
2518,2017,K,
2518,2017,M,
2521,2017,K,
2521,2017,M,
2523,2017,K,
2523,2017,M,
2560,2017,K,
2560,2017,M,
2580,2017,K,
2580,2017,M,
2581,2017,K,
2581,2017,M,
2582,2017,K,
2582,2017,M,
2583,2017,K,
2583,2017,M,
2584,2017,K,
2584,2017,M,
0000,2018,K,
0000,2018,M,
0114,2018,K,12.802392
0114,2018,M,8.239883
0115,2018,K,12.28016
0115,2018,M,9.596387
0117,2018,K,23.245301
0117,2018,M,18.387742
0120,2018,K,
0120,2018,M,
0123,2018,K,9.853282
0123,2018,M,6.009224
0125,2018,K,11.149111
0125,2018,M,8.467742
0126,2018,K,6.05151
0126,2018,M,5.398551
0127,2018,K,8.470275
0127,2018,M,5.357143
0128,2018,K,22.965955
0128,2018,M,11.796832
0136,2018,K,
0136,2018,M,
0138,2018,K,8.947714
0138,2018,M,6.064909
0139,2018,K,17.100079
0139,2018,M,10.25734
0140,2018,K,
0140,2018,M,
0160,2018,K,9.451575
0160,2018,M,6.963826
0162,2018,K,14.873876
0162,2018,M,9.832636
0163,2018,K,12.566884
0163,2018,M,8.039806
0180,2018,K,13.55488
0180,2018,M,9.448953
0181,2018,K,
0181,2018,M,
0182,2018,K,15.288066
0182,2018,M,11.341487
0183,2018,K,
0183,2018,M,
0184,2018,K,21.365331
0184,2018,M,13.356613
0186,2018,K,14.298602
0186,2018,M,11.624073
0187,2018,K,20.235097
0187,2018,M,15.55381
0188,2018,K,2.656138
0188,2018,M,2.486369
0191,2018,K,13.589436
0191,2018,M,8.361582
0192,2018,K,11.137218
0192,2018,M,8.322553
0305,2018,K,13.272201
0305,2018,M,9.508197
0319,2018,K,
0319,2018,M,
0330,2018,K,
0330,2018,M,
0331,2018,K,
0331,2018,M,
0360,2018,K,10.635538
0360,2018,M,8.095238
0380,2018,K,8.520472
0380,2018,M,6.518502
0381,2018,K,
0381,2018,M,
0382,2018,K,22.443559
0382,2018,M,11.962286
0428,2018,K,15.49101
0428,2018,M,9.98782
0461,2018,K,16.487069
0461,2018,M,10.080645
0480,2018,K,10.616438
0480,2018,M,7.139857
0481,2018,K,9.21659
0481,2018,M,8.61678
0482,2018,K,11.723053
0482,2018,M,7.835325
0483,2018,K,9.603492
0483,2018,M,7.225338
0484,2018,K,7.329249
0484,2018,M,5.389349
0486,2018,K,12.532808
0486,2018,M,9.191516
0488,2018,K,12.626728
0488,2018,M,7.8125
0509,2018,K,
0509,2018,M,
0512,2018,K,21.259843
0512,2018,M,17.197452
0513,2018,K,
0513,2018,M,
0560,2018,K,
0560,2018,M,
0561,2018,K,
0561,2018,M,
0562,2018,K,
0562,2018,M,
0563,2018,K,
0563,2018,M,
0580,2018,K,
0580,2018,M,
0581,2018,K,7.331275
0581,2018,M,5.264473
0582,2018,K,
0582,2018,M,
0583,2018,K,14.117647
0583,2018,M,8.616964
0584,2018,K,27.710843
0584,2018,M,16.087751
0586,2018,K,12.305581
0586,2018,M,8.643042
0604,2018,K,15.930902
0604,2018,M,12.068966
0617,2018,K,
0617,2018,M,
0642,2018,K,
0642,2018,M,
0643,2018,K,
0643,2018,M,
0662,2018,K,15.943683
0662,2018,M,11.40416
0665,2018,K,
0665,2018,M,
0680,2018,K,
0680,2018,M,
0682,2018,K,12.504947
0682,2018,M,7.769066
0683,2018,K,19.138929
0683,2018,M,10.505451
0684,2018,K,
0684,2018,M,
0685,2018,K,9.517112
0685,2018,M,6.114961
0686,2018,K,
0686,2018,M,
0687,2018,K,21.316819
0687,2018,M,11.554497
0760,2018,K,
0760,2018,M,
0761,2018,K,
0761,2018,M,
0763,2018,K,
0763,2018,M,
0764,2018,K,
0764,2018,M,
0765,2018,K,
0765,2018,M,
0767,2018,K,12.978986
0767,2018,M,8.192771
0780,2018,K,11.528585
0780,2018,M,7.722723
0781,2018,K,
0781,2018,M,
0821,2018,K,
0821,2018,M,
0834,2018,K,
0834,2018,M,
0840,2018,K,
0840,2018,M,
0860,2018,K,
0860,2018,M,
0861,2018,K,
0861,2018,M,
0862,2018,K,
0862,2018,M,
0880,2018,K,
0880,2018,M,
0881,2018,K,
0881,2018,M,
0882,2018,K,
0882,2018,M,
0883,2018,K,
0883,2018,M,
0884,2018,K,
0884,2018,M,
0885,2018,K,24.461538
0885,2018,M,17.548387
0980,2018,K,11.72738
0980,2018,M,7.070707
1060,2018,K,20.820513
1060,2018,M,14.606742
1080,2018,K,9.260671
1080,2018,M,6.835531
1081,2018,K,9.064205
1081,2018,M,5.197343
1082,2018,K,11.331924
1082,2018,M,8.231707
1083,2018,K,
1083,2018,M,
1214,2018,K,
1214,2018,M,
1230,2018,K,
1230,2018,M,
1231,2018,K,14.916097
1231,2018,M,7.916182
1233,2018,K,11.561383
1233,2018,M,7.461454
1256,2018,K,
1256,2018,M,
1257,2018,K,
1257,2018,M,
1260,2018,K,
1260,2018,M,
1261,2018,K,
1261,2018,M,
1262,2018,K,17.410535
1262,2018,M,13.397299
1263,2018,K,10.445616
1263,2018,M,7.661647
1264,2018,K,14.285714
1264,2018,M,9.918579
1265,2018,K,
1265,2018,M,
1266,2018,K,
1266,2018,M,
1267,2018,K,
1267,2018,M,
1270,2018,K,20.113314
1270,2018,M,10.9319
1272,2018,K,
1272,2018,M,
1273,2018,K,13.195099
1273,2018,M,10.51709
1275,2018,K,
1275,2018,M,
1276,2018,K,
1276,2018,M,
1277,2018,K,10.660248
1277,2018,M,7.493857
1278,2018,K,
1278,2018,M,
1280,2018,K,7.612993
1280,2018,M,5.891955
1281,2018,K,14.282627
1281,2018,M,10.513375
1282,2018,K,8.038224
1282,2018,M,4.299974
1283,2018,K,7.218852
1283,2018,M,4.626423
1284,2018,K,
1284,2018,M,
1285,2018,K,16.156584
1285,2018,M,10.392157
1286,2018,K,
1286,2018,M,
1287,2018,K,6.978085
1287,2018,M,5.583355
1290,2018,K,
1290,2018,M,
1291,2018,K,
1291,2018,M,
1292,2018,K,9.858287
1292,2018,M,6.540955
1293,2018,K,
1293,2018,M,
1315,2018,K,17.341641
1315,2018,M,10.728346
1380,2018,K,13.956483
1380,2018,M,9.791642
1381,2018,K,7.445181
1381,2018,M,5.967366
1382,2018,K,
1382,2018,M,
1383,2018,K,11.536089
1383,2018,M,7.83617
1384,2018,K,14.685139
1384,2018,M,9.100567
1401,2018,K,25.325885
1401,2018,M,18.110042
1402,2018,K,24.153166
1402,2018,M,16.563147
1407,2018,K,14.936248
1407,2018,M,8.305085
1415,2018,K,7.71578
1415,2018,M,5.092049
1419,2018,K,
1419,2018,M,
1421,2018,K,
1421,2018,M,
1427,2018,K,23.461538
1427,2018,M,10.892857
1430,2018,K,
1430,2018,M,
1435,2018,K,
1435,2018,M,
1438,2018,K,
1438,2018,M,
1439,2018,K,
1439,2018,M,
1440,2018,K,
1440,2018,M,
1441,2018,K,14.150715
1441,2018,M,9.080692
1442,2018,K,18.087318
1442,2018,M,14.667988
1443,2018,K,
1443,2018,M,
1444,2018,K,10.444444
1444,2018,M,5.803571
1445,2018,K,
1445,2018,M,
1446,2018,K,
1446,2018,M,
1447,2018,K,
1447,2018,M,
1452,2018,K,23.580786
1452,2018,M,13.780261
1460,2018,K,
1460,2018,M,
1461,2018,K,
1461,2018,M,
1462,2018,K,14.204004
1462,2018,M,7.813872
1463,2018,K,
1463,2018,M,
1465,2018,K,40.125786
1465,2018,M,26.240353
1466,2018,K,16.462585
1466,2018,M,7.973856
1470,2018,K,10.643564
1470,2018,M,5.171103
1471,2018,K,
1471,2018,M,
1472,2018,K,
1472,2018,M,
1473,2018,K,32.053176
1473,2018,M,15.657895
1480,2018,K,
1480,2018,M,
1481,2018,K,18.595259
1481,2018,M,13.508628
1482,2018,K,10.024122
1482,2018,M,6.613226
1484,2018,K,16.988417
1484,2018,M,7.943925
1485,2018,K,11.411818
1485,2018,M,7.481714
1486,2018,K,
1486,2018,M,
1487,2018,K,
1487,2018,M,
1488,2018,K,15.619902
1488,2018,M,9.672325
1489,2018,K,
1489,2018,M,
1490,2018,K,17.401601
1490,2018,M,12.025448
1491,2018,K,17.471144
1491,2018,M,13.282002
1492,2018,K,16.633065
1492,2018,M,10.502693
1493,2018,K,
1493,2018,M,
1494,2018,K,17.768183
1494,2018,M,11.730828
1495,2018,K,7.869742
1495,2018,M,5.239617
1496,2018,K,
1496,2018,M,
1497,2018,K,
1497,2018,M,
1498,2018,K,18.743455
1498,2018,M,12.416428
1499,2018,K,12.812041
1499,2018,M,7.150153
1715,2018,K,
1715,2018,M,
1730,2018,K,
1730,2018,M,
1737,2018,K,
1737,2018,M,
1760,2018,K,
1760,2018,M,
1761,2018,K,
1761,2018,M,
1762,2018,K,
1762,2018,M,
1763,2018,K,12.18986
1763,2018,M,6.207565
1764,2018,K,
1764,2018,M,
1765,2018,K,12.990528
1765,2018,M,9.878049
1766,2018,K,
1766,2018,M,
1780,2018,K,11.685324
1780,2018,M,8.345181
1781,2018,K,16.206694
1781,2018,M,10.596379
1782,2018,K,
1782,2018,M,
1783,2018,K,26.206897
1783,2018,M,12.839506
1784,2018,K,14.503817
1784,2018,M,9.98996
1785,2018,K,
1785,2018,M,
1814,2018,K,5.071315
1814,2018,M,4.370861
1860,2018,K,
1860,2018,M,
1861,2018,K,10.296412
1861,2018,M,6.89911
1862,2018,K,
1862,2018,M,
1863,2018,K,
1863,2018,M,
1864,2018,K,
1864,2018,M,
1880,2018,K,8.309338
1880,2018,M,6.45061
1881,2018,K,10.073452
1881,2018,M,6.999041
1882,2018,K,13.82716
1882,2018,M,11.515864
1883,2018,K,23.146164
1883,2018,M,14.020202
1884,2018,K,
1884,2018,M,
1885,2018,K,13.968598
1885,2018,M,9.635417
1904,2018,K,
1904,2018,M,
1907,2018,K,
1907,2018,M,
1960,2018,K,
1960,2018,M,
1961,2018,K,12.116444
1961,2018,M,11.917494
1962,2018,K,
1962,2018,M,
1980,2018,K,12.321758
1980,2018,M,7.9
1981,2018,K,10.168539
1981,2018,M,6.624271
1982,2018,K,11.15348
1982,2018,M,8.376511
1983,2018,K,13.002481
1983,2018,M,8.389716
1984,2018,K,16.042267
1984,2018,M,10.945709
2021,2018,K,
2021,2018,M,
2023,2018,K,29.216867
2023,2018,M,10.204082
2026,2018,K,38.461538
2026,2018,M,24.14175
2029,2018,K,
2029,2018,M,
2031,2018,K,25.637394
2031,2018,M,14.229765
2034,2018,K,
2034,2018,M,
2039,2018,K,22.161172
2039,2018,M,12.323944
2061,2018,K,
2061,2018,M,
2062,2018,K,20.242915
2062,2018,M,13.370647
2080,2018,K,15.509945
2080,2018,M,10.439895
2081,2018,K,10.256988
2081,2018,M,8.412836
2082,2018,K,
2082,2018,M,
2083,2018,K,11.129707
2083,2018,M,7.082631
2084,2018,K,
2084,2018,M,
2085,2018,K,
2085,2018,M,
2101,2018,K,
2101,2018,M,
2104,2018,K,
2104,2018,M,
2121,2018,K,
2121,2018,M,
2132,2018,K,
2132,2018,M,
2161,2018,K,9.693166
2161,2018,M,7.786358
2180,2018,K,9.77806
2180,2018,M,7.167438
2181,2018,K,17.933723
2181,2018,M,11.786834
2182,2018,K,18.021978
2182,2018,M,10.736515
2183,2018,K,
2183,2018,M,
2184,2018,K,11.955385
2184,2018,M,8.094163
2260,2018,K,21.85008
2260,2018,M,17.056396
2262,2018,K,
2262,2018,M,
2280,2018,K,
2280,2018,M,
2281,2018,K,13.794885
2281,2018,M,9.532505
2282,2018,K,
2282,2018,M,
2283,2018,K,
2283,2018,M,
2284,2018,K,
2284,2018,M,
2303,2018,K,
2303,2018,M,
2305,2018,K,
2305,2018,M,
2309,2018,K,11.585807
2309,2018,M,9.398242
2313,2018,K,26.208651
2313,2018,M,15.262515
2321,2018,K,24.149286
2321,2018,M,11.627907
2326,2018,K,
2326,2018,M,
2361,2018,K,
2361,2018,M,
2380,2018,K,
2380,2018,M,
2401,2018,K,
2401,2018,M,
2403,2018,K,
2403,2018,M,
2404,2018,K,
2404,2018,M,
2409,2018,K,17.764471
2409,2018,M,16.819013
2417,2018,K,
2417,2018,M,
2418,2018,K,
2418,2018,M,
2421,2018,K,
2421,2018,M,
2422,2018,K,
2422,2018,M,
2425,2018,K,
2425,2018,M,
2460,2018,K,
2460,2018,M,
2462,2018,K,
2462,2018,M,
2463,2018,K,
2463,2018,M,
2480,2018,K,7.397959
2480,2018,M,6.291591
2481,2018,K,
2481,2018,M,
2482,2018,K,
2482,2018,M,
2505,2018,K,
2505,2018,M,
2506,2018,K,29.714286
2506,2018,M,16.0
2510,2018,K,11.666667
2510,2018,M,8.011869
2513,2018,K,
2513,2018,M,
2514,2018,K,21.68344
2514,2018,M,13.65564
2518,2018,K,
2518,2018,M,
2521,2018,K,
2521,2018,M,
2523,2018,K,
2523,2018,M,
2560,2018,K,
2560,2018,M,
2580,2018,K,
2580,2018,M,
2581,2018,K,18.735818
2581,2018,M,10.876576
2582,2018,K,13.343328
2582,2018,M,8.779343
2583,2018,K,
2583,2018,M,
2584,2018,K,15.435435
2584,2018,M,8.324146
0000,2019,K,
0000,2019,M,
0114,2019,K,16.215513
0114,2019,M,10.901267
0115,2019,K,12.881256
0115,2019,M,9.181692
0117,2019,K,21.319199
0117,2019,M,16.582584
0120,2019,K,12.107517
0120,2019,M,9.571899
0123,2019,K,
0123,2019,M,
0125,2019,K,15.02521
0125,2019,M,11.382362
0126,2019,K,5.088118
0126,2019,M,4.125354
0127,2019,K,10.147319
0127,2019,M,6.260297
0128,2019,K,24.230099
0128,2019,M,12.711402
0136,2019,K,5.021778
0136,2019,M,3.591094
0138,2019,K,14.571869
0138,2019,M,9.677419
0139,2019,K,15.724448
0139,2019,M,9.427374
0140,2019,K,
0140,2019,M,
0160,2019,K,12.787835
0160,2019,M,10.878324
0162,2019,K,17.467626
0162,2019,M,11.301822
0163,2019,K,9.684211
0163,2019,M,5.698152
0180,2019,K,12.818718
0180,2019,M,8.906594
0181,2019,K,
0181,2019,M,
0182,2019,K,28.925121
0182,2019,M,20.913506
0183,2019,K,
0183,2019,M,
0184,2019,K,26.705697
0184,2019,M,17.32715
0186,2019,K,13.846494
0186,2019,M,11.94917
0187,2019,K,19.88401
0187,2019,M,15.469613
0188,2019,K,
0188,2019,M,
0191,2019,K,
0191,2019,M,
0192,2019,K,9.926807
0192,2019,M,7.468354
0305,2019,K,12.131304
0305,2019,M,8.418605
0319,2019,K,
0319,2019,M,
0330,2019,K,
0330,2019,M,
0331,2019,K,
0331,2019,M,
0360,2019,K,13.125406
0360,2019,M,9.98228
0380,2019,K,
0380,2019,M,
0381,2019,K,12.476112
0381,2019,M,8.276386
0382,2019,K,19.857236
0382,2019,M,11.137301
0428,2019,K,
0428,2019,M,
0461,2019,K,23.603793
0461,2019,M,19.58457
0480,2019,K,12.452914
0480,2019,M,8.572017
0481,2019,K,
0481,2019,M,
0482,2019,K,16.627266
0482,2019,M,11.21751
0483,2019,K,7.844548
0483,2019,M,5.673991
0484,2019,K,7.178855
0484,2019,M,5.218662
0486,2019,K,9.954897
0486,2019,M,7.652908
0488,2019,K,12.691269
0488,2019,M,7.894737
0509,2019,K,
0509,2019,M,
0512,2019,K,26.612903
0512,2019,M,16.955017
0513,2019,K,
0513,2019,M,
0560,2019,K,
0560,2019,M,
0561,2019,K,6.54828
0561,2019,M,4.166667
0562,2019,K,
0562,2019,M,
0563,2019,K,
0563,2019,M,
0580,2019,K,
0580,2019,M,
0581,2019,K,
0581,2019,M,
0582,2019,K,
0582,2019,M,
0583,2019,K,14.147627
0583,2019,M,9.309309
0584,2019,K,29.447853
0584,2019,M,17.017208
0586,2019,K,12.019883
0586,2019,M,8.200168
0604,2019,K,
0604,2019,M,
0617,2019,K,
0617,2019,M,
0642,2019,K,
0642,2019,M,
0643,2019,K,
0643,2019,M,
0662,2019,K,12.101669
0662,2019,M,8.660844
0665,2019,K,
0665,2019,M,
0680,2019,K,
0680,2019,M,
0682,2019,K,11.158966
0682,2019,M,6.887937
0683,2019,K,18.409742
0683,2019,M,9.737098
0684,2019,K,11.233701
0684,2019,M,8.890926
0685,2019,K,
0685,2019,M,
0686,2019,K,
0686,2019,M,
0687,2019,K,17.979003
0687,2019,M,10.918854
0760,2019,K,
0760,2019,M,
0761,2019,K,
0761,2019,M,
0763,2019,K,
0763,2019,M,
0764,2019,K,
0764,2019,M,
0765,2019,K,
0765,2019,M,
0767,2019,K,16.519546
0767,2019,M,7.364787
0780,2019,K,10.057849
0780,2019,M,6.928295
0781,2019,K,19.085028
0781,2019,M,12.268314
0821,2019,K,10.25641
0821,2019,M,4.743833
0834,2019,K,
0834,2019,M,
0840,2019,K,
0840,2019,M,
0860,2019,K,
0860,2019,M,
0861,2019,K,
0861,2019,M,
0862,2019,K,
0862,2019,M,
0880,2019,K,13.457596
0880,2019,M,7.589688
0881,2019,K,
0881,2019,M,
0882,2019,K,
0882,2019,M,
0883,2019,K,10.276372
0883,2019,M,6.084467
0884,2019,K,
0884,2019,M,
0885,2019,K,
0885,2019,M,
0980,2019,K,14.192496
0980,2019,M,8.890826
1060,2019,K,
1060,2019,M,
1080,2019,K,11.412429
1080,2019,M,8.369433
1081,2019,K,8.220304
1081,2019,M,5.316654
1082,2019,K,11.742739
1082,2019,M,7.750188
1083,2019,K,10.475423
1083,2019,M,8.825526
1214,2019,K,7.874682
1214,2019,M,5.813098
1230,2019,K,13.831479
1230,2019,M,10.408635
1231,2019,K,16.767922
1231,2019,M,9.606742
1233,2019,K,15.605567
1233,2019,M,9.442177
1256,2019,K,17.562453
1256,2019,M,10.996564
1257,2019,K,
1257,2019,M,
1260,2019,K,
1260,2019,M,
1261,2019,K,11.540941
1261,2019,M,8.735214
1262,2019,K,17.350891
1262,2019,M,13.523876
1263,2019,K,10.868556
1263,2019,M,7.195174
1264,2019,K,12.436732
1264,2019,M,8.823529
1265,2019,K,9.372798
1265,2019,M,7.097592
1266,2019,K,
1266,2019,M,
1267,2019,K,12.5
1267,2019,M,9.372893
1270,2019,K,26.723324
1270,2019,M,15.921288
1272,2019,K,
1272,2019,M,
1273,2019,K,
1273,2019,M,
1275,2019,K,
1275,2019,M,
1276,2019,K,5.869873
1276,2019,M,3.922918
1277,2019,K,6.951872
1277,2019,M,4.941322
1278,2019,K,
1278,2019,M,
1280,2019,K,7.666877
1280,2019,M,6.210311
1281,2019,K,15.137567
1281,2019,M,11.451411
1282,2019,K,7.943537
1282,2019,M,4.202315
1283,2019,K,8.832592
1283,2019,M,5.602128
1284,2019,K,
1284,2019,M,
1285,2019,K,
1285,2019,M,
1286,2019,K,
1286,2019,M,
1287,2019,K,7.38255
1287,2019,M,6.067708
1290,2019,K,3.619048
1290,2019,M,1.301518
1291,2019,K,
1291,2019,M,
1292,2019,K,
1292,2019,M,
1293,2019,K,
1293,2019,M,
1315,2019,K,16.271885
1315,2019,M,9.80198
1380,2019,K,14.355936
1380,2019,M,10.05422
1381,2019,K,
1381,2019,M,
1382,2019,K,
1382,2019,M,
1383,2019,K,10.783724
1383,2019,M,7.177903
1384,2019,K,16.478471
1384,2019,M,10.628638
1401,2019,K,24.436287
1401,2019,M,17.121468
1402,2019,K,
1402,2019,M,
1407,2019,K,
1407,2019,M,
1415,2019,K,7.623888
1415,2019,M,5.37174
1419,2019,K,18.690784
1419,2019,M,11.673469
1421,2019,K,23.069767
1421,2019,M,14.444444
1427,2019,K,
1427,2019,M,
1430,2019,K,
1430,2019,M,
1435,2019,K,
1435,2019,M,
1438,2019,K,
1438,2019,M,
1439,2019,K,
1439,2019,M,
1440,2019,K,8.158845
1440,2019,M,5.925433
1441,2019,K,
1441,2019,M,
1442,2019,K,
1442,2019,M,
1443,2019,K,
1443,2019,M,
1444,2019,K,10.829493
1444,2019,M,2.921348
1445,2019,K,
1445,2019,M,
1446,2019,K,
1446,2019,M,
1447,2019,K,
1447,2019,M,
1452,2019,K,
1452,2019,M,
1460,2019,K,
1460,2019,M,
1461,2019,K,
1461,2019,M,
1462,2019,K,12.177122
1462,2019,M,7.228916
1463,2019,K,
1463,2019,M,
1465,2019,K,27.736318
1465,2019,M,19.447514
1466,2019,K,
1466,2019,M,
1470,2019,K,
1470,2019,M,
1471,2019,K,
1471,2019,M,
1472,2019,K,13.142857
1472,2019,M,12.404788
1473,2019,K,8.223201
1473,2019,M,4.138852
1480,2019,K,14.335817
1480,2019,M,9.863725
1481,2019,K,18.743474
1481,2019,M,12.964159
1482,2019,K,10.400838
1482,2019,M,6.569697
1484,2019,K,18.554688
1484,2019,M,8.277831
1485,2019,K,16.252474
1485,2019,M,10.51445
1486,2019,K,
1486,2019,M,
1487,2019,K,
1487,2019,M,
1488,2019,K,13.711968
1488,2019,M,8.525927
1489,2019,K,
1489,2019,M,
1490,2019,K,10.165929
1490,2019,M,6.690464
1491,2019,K,
1491,2019,M,
1492,2019,K,18.71821
1492,2019,M,12.628625
1493,2019,K,
1493,2019,M,
1494,2019,K,15.944373
1494,2019,M,11.665664
1495,2019,K,
1495,2019,M,
1496,2019,K,8.227539
1496,2019,M,7.021467
1497,2019,K,
1497,2019,M,
1498,2019,K,17.738589
1498,2019,M,13.385063
1499,2019,K,
1499,2019,M,
1715,2019,K,
1715,2019,M,
1730,2019,K,8.0
1730,2019,M,5.271318
1737,2019,K,26.086957
1737,2019,M,11.794872
1760,2019,K,
1760,2019,M,
1761,2019,K,
1761,2019,M,
1762,2019,K,
1762,2019,M,
1763,2019,K,
1763,2019,M,
1764,2019,K,
1764,2019,M,
1765,2019,K,12.225275
1765,2019,M,9.603842
1766,2019,K,
1766,2019,M,
1780,2019,K,11.206121
1780,2019,M,8.287987
1781,2019,K,15.789474
1781,2019,M,10.324641
1782,2019,K,
1782,2019,M,
1783,2019,K,23.433243
1783,2019,M,11.265823
1784,2019,K,13.962264
1784,2019,M,10.447761
1785,2019,K,15.344828
1785,2019,M,7.940447
1814,2019,K,6.849315
1814,2019,M,4.878049
1860,2019,K,4.603581
1860,2019,M,2.252252
1861,2019,K,
1861,2019,M,
1862,2019,K,
1862,2019,M,
1863,2019,K,24.649299
1863,2019,M,11.317254
1864,2019,K,
1864,2019,M,
1880,2019,K,10.232372
1880,2019,M,7.413045
1881,2019,K,10.419907
1881,2019,M,6.866953
1882,2019,K,11.580217
1882,2019,M,8.143713
1883,2019,K,22.174101
1883,2019,M,13.563403
1884,2019,K,10.265283
1884,2019,M,6.074241
1885,2019,K,14.270386
1885,2019,M,9.090909
1904,2019,K,26.433121
1904,2019,M,14.516129
1907,2019,K,
1907,2019,M,
1960,2019,K,
1960,2019,M,
1961,2019,K,13.89313
1961,2019,M,10.628743
1962,2019,K,
1962,2019,M,
1980,2019,K,9.420113
1980,2019,M,6.035141
1981,2019,K,13.156409
1981,2019,M,8.145766
1982,2019,K,
1982,2019,M,
1983,2019,K,
1983,2019,M,
1984,2019,K,17.698259
1984,2019,M,9.511111
2021,2019,K,
2021,2019,M,
2023,2019,K,29.142012
2023,2019,M,10.443864
2026,2019,K,
2026,2019,M,
2029,2019,K,20.179372
2029,2019,M,14.001591
2031,2019,K,21.104816
2031,2019,M,10.964333
2034,2019,K,
2034,2019,M,
2039,2019,K,
2039,2019,M,
2061,2019,K,
2061,2019,M,
2062,2019,K,15.89274
2062,2019,M,10.721003
2080,2019,K,14.957354
2080,2019,M,10.173597
2081,2019,K,9.772423
2081,2019,M,9.073276
2082,2019,K,
2082,2019,M,
2083,2019,K,16.666667
2083,2019,M,10.684474
2084,2019,K,
2084,2019,M,
2085,2019,K,
2085,2019,M,
2101,2019,K,
2101,2019,M,
2104,2019,K,
2104,2019,M,
2121,2019,K,18.469016
2121,2019,M,9.902067
2132,2019,K,
2132,2019,M,
2161,2019,K,
2161,2019,M,
2180,2019,K,12.670638
2180,2019,M,9.095155
2181,2019,K,17.577121
2181,2019,M,11.865462
2182,2019,K,17.87649
2182,2019,M,10.116929
2183,2019,K,17.096135
2183,2019,M,15.023256
2184,2019,K,11.931034
2184,2019,M,8.282504
2260,2019,K,25.944171
2260,2019,M,19.828816
2262,2019,K,
2262,2019,M,
2280,2019,K,
2280,2019,M,
2281,2019,K,13.628296
2281,2019,M,9.421687
2282,2019,K,19.889937
2282,2019,M,11.738811
2283,2019,K,
2283,2019,M,
2284,2019,K,13.828571
2284,2019,M,9.020117
2303,2019,K,33.681462
2303,2019,M,32.368421
2305,2019,K,
2305,2019,M,
2309,2019,K,10.22409
2309,2019,M,8.221925
2313,2019,K,26.175349
2313,2019,M,14.462299
2321,2019,K,
2321,2019,M,
2326,2019,K,
2326,2019,M,
2361,2019,K,16.935484
2361,2019,M,14.265734
2380,2019,K,10.37387
2380,2019,M,7.207384
2401,2019,K,
2401,2019,M,
2403,2019,K,
2403,2019,M,
2404,2019,K,24.137931
2404,2019,M,15.402299
2409,2019,K,18.181818
2409,2019,M,13.568773
2417,2019,K,
2417,2019,M,
2418,2019,K,
2418,2019,M,
2421,2019,K,
2421,2019,M,
2422,2019,K,
2422,2019,M,
2425,2019,K,
2425,2019,M,
2460,2019,K,12.5
2460,2019,M,9.210526
2462,2019,K,
2462,2019,M,
2463,2019,K,
2463,2019,M,
2480,2019,K,7.066956
2480,2019,M,5.864841
2481,2019,K,9.559613
2481,2019,M,8.193485
2482,2019,K,9.233006
2482,2019,M,6.593592
2505,2019,K,13.902439
2505,2019,M,11.333333
2506,2019,K,11.864407
2506,2019,M,2.512563
2510,2019,K,
2510,2019,M,
2513,2019,K,16.939891
2513,2019,M,8.715596
2514,2019,K,23.352166
2514,2019,M,11.958406
2518,2019,K,25.0
2518,2019,M,18.421053
2521,2019,K,19.483568
2521,2019,M,8.200456
2523,2019,K,
2523,2019,M,
2560,2019,K,14.409722
2560,2019,M,8.421053
2580,2019,K,
2580,2019,M,
2581,2019,K,17.986747
2581,2019,M,9.857101
2582,2019,K,11.287028
2582,2019,M,8.889934
2583,2019,K,22.252011
2583,2019,M,15.354839
2584,2019,K,14.090369
2584,2019,M,9.136771
0000,2020,K,
0000,2020,M,
0114,2020,K,15.613196
0114,2020,M,10.628358
0115,2020,K,17.27672
0115,2020,M,10.215351
0117,2020,K,21.359669
0117,2020,M,15.227322
0120,2020,K,
0120,2020,M,
0123,2020,K,
0123,2020,M,
0125,2020,K,13.428382
0125,2020,M,10.20102
0126,2020,K,6.400602
0126,2020,M,4.487067
0127,2020,K,10.154346
0127,2020,M,5.04612
0128,2020,K,
0128,2020,M,
0136,2020,K,4.854973
0136,2020,M,2.858476
0138,2020,K,11.481802
0138,2020,M,6.3
0139,2020,K,13.115343
0139,2020,M,5.837912
0140,2020,K,
0140,2020,M,
0160,2020,K,13.76279
0160,2020,M,10.624081
0162,2020,K,17.749785
0162,2020,M,10.739857
0163,2020,K,
0163,2020,M,
0180,2020,K,12.853507
0180,2020,M,7.418357
0181,2020,K,
0181,2020,M,
0182,2020,K,30.743851
0182,2020,M,19.089574
0183,2020,K,
0183,2020,M,
0184,2020,K,29.546947
0184,2020,M,13.677812
0186,2020,K,12.580717
0186,2020,M,10.887428
0187,2020,K,
0187,2020,M,
0188,2020,K,
0188,2020,M,
0191,2020,K,15.59322
0191,2020,M,7.251013
0192,2020,K,
0192,2020,M,
0305,2020,K,12.90474
0305,2020,M,6.532898
0319,2020,K,
0319,2020,M,
0330,2020,K,
0330,2020,M,
0331,2020,K,
0331,2020,M,
0360,2020,K,17.423771
0360,2020,M,9.133765
0380,2020,K,
0380,2020,M,
0381,2020,K,11.83899
0381,2020,M,6.438831
0382,2020,K,18.22753
0382,2020,M,10.035419
0428,2020,K,
0428,2020,M,
0461,2020,K,22.797927
0461,2020,M,13.196481
0480,2020,K,13.695652
0480,2020,M,8.812804
0481,2020,K,10.567297
0481,2020,M,7.821229
0482,2020,K,20.816327
0482,2020,M,12.847222
0483,2020,K,8.318264
0483,2020,M,5.853659
0484,2020,K,8.54748
0484,2020,M,5.385253
0486,2020,K,10.658307
0486,2020,M,6.317955
0488,2020,K,12.246622
0488,2020,M,7.867821
0509,2020,K,
0509,2020,M,
0512,2020,K,22.267206
0512,2020,M,15.570934
0513,2020,K,
0513,2020,M,
0560,2020,K,
0560,2020,M,
0561,2020,K,
0561,2020,M,
0562,2020,K,
0562,2020,M,
0563,2020,K,
0563,2020,M,
0580,2020,K,
0580,2020,M,
0581,2020,K,
0581,2020,M,
0582,2020,K,
0582,2020,M,
0583,2020,K,15.249267
0583,2020,M,7.195221
0584,2020,K,33.057851
0584,2020,M,11.741683
0586,2020,K,15.253477
0586,2020,M,9.73488
0604,2020,K,16.190476
0604,2020,M,10.714286
0617,2020,K,
0617,2020,M,
0642,2020,K,
0642,2020,M,
0643,2020,K,43.428132
0643,2020,M,14.898256
0662,2020,K,13.664357
0662,2020,M,7.589782
0665,2020,K,
0665,2020,M,
0680,2020,K,
0680,2020,M,
0682,2020,K,12.395118
0682,2020,M,5.266854
0683,2020,K,28.913963
0683,2020,M,9.800719
0684,2020,K,
0684,2020,M,
0685,2020,K,9.086779
0685,2020,M,5.371901
0686,2020,K,18.220042
0686,2020,M,7.697691
0687,2020,K,25.148908
0687,2020,M,9.933775
0760,2020,K,
0760,2020,M,
0761,2020,K,12.242268
0761,2020,M,5.569307
0763,2020,K,
0763,2020,M,
0764,2020,K,
0764,2020,M,
0765,2020,K,
0765,2020,M,
0767,2020,K,
0767,2020,M,
0780,2020,K,9.704969
0780,2020,M,5.761613
0781,2020,K,19.421861
0781,2020,M,10.092146
0821,2020,K,
0821,2020,M,
0834,2020,K,
0834,2020,M,
0840,2020,K,
0840,2020,M,
0860,2020,K,
0860,2020,M,
0861,2020,K,
0861,2020,M,
0862,2020,K,
0862,2020,M,
0880,2020,K,13.167454
0880,2020,M,6.348087
0881,2020,K,
0881,2020,M,
0882,2020,K,9.185115
0882,2020,M,6.018725
0883,2020,K,9.488768
0883,2020,M,5.434783
0884,2020,K,
0884,2020,M,
0885,2020,K,
0885,2020,M,
0980,2020,K,14.838859
0980,2020,M,8.2689
1060,2020,K,
1060,2020,M,
1080,2020,K,
1080,2020,M,
1081,2020,K,6.402313
1081,2020,M,3.749013
1082,2020,K,
1082,2020,M,
1083,2020,K,
1083,2020,M,
1214,2020,K,12.083333
1214,2020,M,7.473842
1230,2020,K,13.218391
1230,2020,M,9.107807
1231,2020,K,17.814727
1231,2020,M,8.513053
1233,2020,K,15.25374
1233,2020,M,7.854821
1256,2020,K,16.845329
1256,2020,M,9.052925
1257,2020,K,
1257,2020,M,
1260,2020,K,6.824513
1260,2020,M,3.473614
1261,2020,K,16.20516
1261,2020,M,9.520976
1262,2020,K,16.462481
1262,2020,M,11.798906
1263,2020,K,11.251125
1263,2020,M,5.703422
1264,2020,K,14.336918
1264,2020,M,7.037037
1265,2020,K,9.641873
1265,2020,M,6.242197
1266,2020,K,10.29654
1266,2020,M,4.022526
1267,2020,K,16.70075
1267,2020,M,9.066488
1270,2020,K,27.595884
1270,2020,M,15.124555
1272,2020,K,
1272,2020,M,
1273,2020,K,
1273,2020,M,
1275,2020,K,
1275,2020,M,
1276,2020,K,8.261494
1276,2020,M,4.084411
1277,2020,K,6.455778
1277,2020,M,5.164034
1278,2020,K,
1278,2020,M,
1280,2020,K,7.6861
1280,2020,M,5.103908
1281,2020,K,17.662072
1281,2020,M,11.684011
1282,2020,K,8.449169
1282,2020,M,3.233027
1283,2020,K,8.306066
1283,2020,M,5.146884
1284,2020,K,
1284,2020,M,
1285,2020,K,
1285,2020,M,
1286,2020,K,9.188705
1286,2020,M,6.437768
1287,2020,K,6.289308
1287,2020,M,4.895645
1290,2020,K,4.81391
1290,2020,M,0.667022
1291,2020,K,
1291,2020,M,
1292,2020,K,
1292,2020,M,
1293,2020,K,
1293,2020,M,
1315,2020,K,17.331933
1315,2020,M,9.072581
1380,2020,K,7.833703
1380,2020,M,2.474393
1381,2020,K,
1381,2020,M,
1382,2020,K,
1382,2020,M,
1383,2020,K,15.169309
1383,2020,M,8.419921
1384,2020,K,11.463953
1384,2020,M,5.883031
1401,2020,K,25.464731
1401,2020,M,14.932448
1402,2020,K,
1402,2020,M,
1407,2020,K,13.278388
1407,2020,M,8.196721
1415,2020,K,11.482255
1415,2020,M,6.017081
1419,2020,K,27.942422
1419,2020,M,14.823718
1421,2020,K,27.595884
1421,2020,M,12.738854
1427,2020,K,
1427,2020,M,
1430,2020,K,
1430,2020,M,
1435,2020,K,
1435,2020,M,
1438,2020,K,
1438,2020,M,
1439,2020,K,
1439,2020,M,
1440,2020,K,8.40925
1440,2020,M,4.707792
1441,2020,K,17.965469
1441,2020,M,10.22605
1442,2020,K,13.719512
1442,2020,M,9.794776
1443,2020,K,12.401353
1443,2020,M,7.142857
1444,2020,K,
1444,2020,M,
1445,2020,K,
1445,2020,M,
1446,2020,K,
1446,2020,M,
1447,2020,K,
1447,2020,M,
1452,2020,K,
1452,2020,M,
1460,2020,K,
1460,2020,M,
1461,2020,K,
1461,2020,M,
1462,2020,K,14.80111
1462,2020,M,6.639004
1463,2020,K,
1463,2020,M,
1465,2020,K,25.402726
1465,2020,M,14.81888
1466,2020,K,20.080321
1466,2020,M,8.760108
1470,2020,K,
1470,2020,M,
1471,2020,K,
1471,2020,M,
1472,2020,K,14.172336
1472,2020,M,10.382514
1473,2020,K,21.706587
1473,2020,M,8.724832
1480,2020,K,15.603378
1480,2020,M,8.98951
1481,2020,K,15.499229
1481,2020,M,10.035043
1482,2020,K,9.278088
1482,2020,M,4.804228
1484,2020,K,28.162055
1484,2020,M,8.858268
1485,2020,K,17.591783
1485,2020,M,8.312808
1486,2020,K,
1486,2020,M,
1487,2020,K,18.275539
1487,2020,M,8.278618
1488,2020,K,14.019627
1488,2020,M,7.416683
1489,2020,K,16.944285
1489,2020,M,6.935001
1490,2020,K,
1490,2020,M,
1491,2020,K,16.771488
1491,2020,M,9.352518
1492,2020,K,21.73913
1492,2020,M,10.717614
1493,2020,K,
1493,2020,M,
1494,2020,K,11.863334
1494,2020,M,8.428657
1495,2020,K,7.04698
1495,2020,M,5.134788
1496,2020,K,9.818008
1496,2020,M,7.296042
1497,2020,K,16.034985
1497,2020,M,5.369128
1498,2020,K,11.006289
1498,2020,M,10.496183
1499,2020,K,
1499,2020,M,
1715,2020,K,
1715,2020,M,
1730,2020,K,
1730,2020,M,
1737,2020,K,28.401585
1737,2020,M,9.920635
1760,2020,K,
1760,2020,M,
1761,2020,K,
1761,2020,M,
1762,2020,K,
1762,2020,M,
1763,2020,K,
1763,2020,M,
1764,2020,K,
1764,2020,M,
1765,2020,K,13.268156
1765,2020,M,9.213759
1766,2020,K,
1766,2020,M,
1780,2020,K,10.292839
1780,2020,M,7.014166
1781,2020,K,15.661253
1781,2020,M,9.498681
1782,2020,K,6.459948
1782,2020,M,1.818182
1783,2020,K,
1783,2020,M,
1784,2020,K,12.593783
1784,2020,M,9.542943
1785,2020,K,12.908778
1785,2020,M,4.251701
1814,2020,K,8.797654
1814,2020,M,5.312869
1860,2020,K,
1860,2020,M,
1861,2020,K,17.160686
1861,2020,M,7.641921
1862,2020,K,
1862,2020,M,
1863,2020,K,29.469548
1863,2020,M,17.857143
1864,2020,K,
1864,2020,M,
1880,2020,K,11.932225
1880,2020,M,6.351951
1881,2020,K,13.377082
1881,2020,M,7.380952
1882,2020,K,13.349515
1882,2020,M,10.107015
1883,2020,K,20.314548
1883,2020,M,9.266886
1884,2020,K,17.960603
1884,2020,M,9.163803
1885,2020,K,14.800861
1885,2020,M,6.527415
1904,2020,K,
1904,2020,M,
1907,2020,K,
1907,2020,M,
1960,2020,K,
1960,2020,M,
1961,2020,K,16.541353
1961,2020,M,9.252406
1962,2020,K,
1962,2020,M,
1980,2020,K,10.50016
1980,2020,M,5.157356
1981,2020,K,
1981,2020,M,
1982,2020,K,14.150943
1982,2020,M,6.896552
1983,2020,K,9.975669
1983,2020,M,6.311993
1984,2020,K,20.216963
1984,2020,M,13.392857
2021,2020,K,16.129032
2021,2020,M,5.555556
2023,2020,K,20.648968
2023,2020,M,3.97351
2026,2020,K,
2026,2020,M,
2029,2020,K,24.064171
2029,2020,M,15.472313
2031,2020,K,16.016713
2031,2020,M,7.692308
2034,2020,K,
2034,2020,M,
2039,2020,K,
2039,2020,M,
2061,2020,K,14.666667
2061,2020,M,7.638073
2062,2020,K,23.081925
2062,2020,M,11.370815
2080,2020,K,14.956377
2080,2020,M,8.550408
2081,2020,K,8.685969
2081,2020,M,6.204536
2082,2020,K,15.037594
2082,2020,M,10.462555
2083,2020,K,18.675722
2083,2020,M,10.143702
2084,2020,K,
2084,2020,M,
2085,2020,K,14.741421
2085,2020,M,8.250825
2101,2020,K,
2101,2020,M,
2104,2020,K,
2104,2020,M,
2121,2020,K,13.939394
2121,2020,M,6.528836
2132,2020,K,
2132,2020,M,
2161,2020,K,
2161,2020,M,
2180,2020,K,13.7197
2180,2020,M,8.27313
2181,2020,K,19.776715
2181,2020,M,10.156971
2182,2020,K,21.634615
2182,2020,M,11.622031
2183,2020,K,
2183,2020,M,
2184,2020,K,15.183246
2184,2020,M,6.86901
2260,2020,K,13.91162
2260,2020,M,9.352518
2262,2020,K,
2262,2020,M,
2280,2020,K,
2280,2020,M,
2281,2020,K,9.619012
2281,2020,M,6.00168
2282,2020,K,
2282,2020,M,
2283,2020,K,
2283,2020,M,
2284,2020,K,14.009112
2284,2020,M,7.574141
2303,2020,K,29.411765
2303,2020,M,29.569892
2305,2020,K,
2305,2020,M,
2309,2020,K,15.432099
2309,2020,M,9.817197
2313,2020,K,36.464771
2313,2020,M,15.470297
2321,2020,K,
2321,2020,M,
2326,2020,K,
2326,2020,M,
2361,2020,K,
2361,2020,M,
2380,2020,K,
2380,2020,M,
2401,2020,K,
2401,2020,M,
2403,2020,K,
2403,2020,M,
2404,2020,K,
2404,2020,M,
2409,2020,K,17.346939
2409,2020,M,12.5
2417,2020,K,
2417,2020,M,
2418,2020,K,
2418,2020,M,
2421,2020,K,
2421,2020,M,
2422,2020,K,
2422,2020,M,
2425,2020,K,
2425,2020,M,
2460,2020,K,13.280212
2460,2020,M,8.363202
2462,2020,K,
2462,2020,M,
2463,2020,K,
2463,2020,M,
2480,2020,K,7.139241
2480,2020,M,5.162673
2481,2020,K,
2481,2020,M,
2482,2020,K,
2482,2020,M,
2505,2020,K,18.382353
2505,2020,M,10.273973
2506,2020,K,28.735632
2506,2020,M,2.747253
2510,2020,K,18.333333
2510,2020,M,8.250825
2513,2020,K,14.880952
2513,2020,M,2.380952
2514,2020,K,22.265247
2514,2020,M,9.548611
2518,2020,K,
2518,2020,M,
2521,2020,K,
2521,2020,M,
2523,2020,K,
2523,2020,M,
2560,2020,K,
2560,2020,M,
2580,2020,K,9.337562
2580,2020,M,5.59974
2581,2020,K,
2581,2020,M,
2582,2020,K,
2582,2020,M,
2583,2020,K,19.178082
2583,2020,M,11.673152
2584,2020,K,12.835821
2584,2020,M,5.13992
0000,2021,K,
0000,2021,M,
0114,2021,K,14.982665
0114,2021,M,10.35503
0115,2021,K,17.446932
0115,2021,M,9.418509
0117,2021,K,20.941229
0117,2021,M,14.32182
0120,2021,K,
0120,2021,M,
0123,2021,K,11.023055
0123,2021,M,6.24035
0125,2021,K,10.840999
0125,2021,M,9.196084
0126,2021,K,5.505272
0126,2021,M,4.29335
0127,2021,K,9.641873
0127,2021,M,4.684838
0128,2021,K,
0128,2021,M,
0136,2021,K,4.697413
0136,2021,M,2.954545
0138,2021,K,16.659547
0138,2021,M,7.914523
0139,2021,K,17.553007
0139,2021,M,7.306543
0140,2021,K,
0140,2021,M,
0160,2021,K,18.708209
0160,2021,M,13.752456
0162,2021,K,16.910289
0162,2021,M,11.261261
0163,2021,K,11.332418
0163,2021,M,5.684755
0180,2021,K,12.017241
0180,2021,M,7.045915
0181,2021,K,
0181,2021,M,
0182,2021,K,28.641732
0182,2021,M,17.861976
0183,2021,K,
0183,2021,M,
0184,2021,K,27.866752
0184,2021,M,13.413413
0186,2021,K,6.212558
0186,2021,M,5.09165
0187,2021,K,22.766323
0187,2021,M,15.564202
0188,2021,K,10.699955
0188,2021,M,7.240294
0191,2021,K,13.753327
0191,2021,M,6.525792
0192,2021,K,
0192,2021,M,
0305,2021,K,15.320334
0305,2021,M,7.791017
0319,2021,K,
0319,2021,M,
0330,2021,K,
0330,2021,M,
0331,2021,K,10.258698
0331,2021,M,5.352364
0360,2021,K,18.036665
0360,2021,M,9.642655
0380,2021,K,11.722787
0380,2021,M,8.63858
0381,2021,K,10.700637
0381,2021,M,6.227545
0382,2021,K,21.554341
0382,2021,M,11.655012
0428,2021,K,17.366136
0428,2021,M,7.407407
0461,2021,K,25.95339
0461,2021,M,15.238095
0480,2021,K,12.600593
0480,2021,M,8.3183
0481,2021,K,16.09323
0481,2021,M,10.706638
0482,2021,K,22.727273
0482,2021,M,13.418079
0483,2021,K,10.672938
0483,2021,M,7.175473
0484,2021,K,9.522255
0484,2021,M,5.345651
0486,2021,K,10.499087
0486,2021,M,6.649689
0488,2021,K,14.143095
0488,2021,M,7.733952
0509,2021,K,20.435967
0509,2021,M,6.912442
0512,2021,K,24.390244
0512,2021,M,14.285714
0513,2021,K,
0513,2021,M,
0560,2021,K,
0560,2021,M,
0561,2021,K,8.978676
0561,2021,M,5.166475
0562,2021,K,
0562,2021,M,
0563,2021,K,
0563,2021,M,
0580,2021,K,
0580,2021,M,
0581,2021,K,
0581,2021,M,
0582,2021,K,
0582,2021,M,
0583,2021,K,13.945381
0583,2021,M,7.093148
0584,2021,K,26.427061
0584,2021,M,12.333966
0586,2021,K,15.184382
0586,2021,M,10.26694
0604,2021,K,
0604,2021,M,
0617,2021,K,
0617,2021,M,
0642,2021,K,
0642,2021,M,
0643,2021,K,41.450777
0643,2021,M,17.265193
0662,2021,K,10.6748
0662,2021,M,5.910602
0665,2021,K,11.153846
0665,2021,M,4.494382
0680,2021,K,15.986483
0680,2021,M,9.375256
0682,2021,K,15.203345
0682,2021,M,6.252171
0683,2021,K,18.589968
0683,2021,M,5.878511
0684,2021,K,11.940299
0684,2021,M,6.445672
0685,2021,K,10.481713
0685,2021,M,6.527948
0686,2021,K,18.207283
0686,2021,M,8.990318
0687,2021,K,18.518519
0687,2021,M,8.256881
0760,2021,K,
0760,2021,M,
0761,2021,K,17.002519
0761,2021,M,8.684864
0763,2021,K,
0763,2021,M,
0764,2021,K,10.044643
0764,2021,M,4.929943
0765,2021,K,
0765,2021,M,
0767,2021,K,
0767,2021,M,
0780,2021,K,9.787825
0780,2021,M,5.519943
0781,2021,K,16.194332
0781,2021,M,9.388646
0821,2021,K,
0821,2021,M,
0834,2021,K,
0834,2021,M,
0840,2021,K,
0840,2021,M,
0860,2021,K,
0860,2021,M,
0861,2021,K,
0861,2021,M,
0862,2021,K,28.089888
0862,2021,M,14.230272
0880,2021,K,12.482295
0880,2021,M,5.031228
0881,2021,K,
0881,2021,M,
0882,2021,K,9.724858
0882,2021,M,5.511464
0883,2021,K,10.918675
0883,2021,M,5.749192
0884,2021,K,
0884,2021,M,
0885,2021,K,21.806854
0885,2021,M,10.83815
0980,2021,K,15.993648
0980,2021,M,8.680923
1060,2021,K,
1060,2021,M,
1080,2021,K,
1080,2021,M,
1081,2021,K,11.747733
1081,2021,M,5.582137
1082,2021,K,13.508065
1082,2021,M,9.128946
1083,2021,K,
1083,2021,M,
1214,2021,K,12.653061
1214,2021,M,6.706408
1230,2021,K,12.518685
1230,2021,M,8.533043
1231,2021,K,17.816092
1231,2021,M,7.654456
1233,2021,K,15.790985
1233,2021,M,9.160913
1256,2021,K,17.411052
1256,2021,M,9.866103
1257,2021,K,
1257,2021,M,
1260,2021,K,4.520167
1260,2021,M,2.344273
1261,2021,K,15.605493
1261,2021,M,9.94152
1262,2021,K,16.362253
1262,2021,M,11.235955
1263,2021,K,15.948276
1263,2021,M,7.331976
1264,2021,K,21.177315
1264,2021,M,10.108303
1265,2021,K,9.837178
1265,2021,M,6.612091
1266,2021,K,
1266,2021,M,
1267,2021,K,14.334471
1267,2021,M,7.491857
1270,2021,K,25.262154
1270,2021,M,13.839286
1272,2021,K,13.358779
1272,2021,M,7.005254
1273,2021,K,
1273,2021,M,
1275,2021,K,
1275,2021,M,
1276,2021,K,8.449669
1276,2021,M,5.136986
1277,2021,K,10.403531
1277,2021,M,6.804734
1278,2021,K,13.526119
1278,2021,M,5.676856
1280,2021,K,9.843703
1280,2021,M,6.058216
1281,2021,K,17.523599
1281,2021,M,12.279391
1282,2021,K,7.380569
1282,2021,M,2.815867
1283,2021,K,7.307756
1283,2021,M,4.86457
1284,2021,K,
1284,2021,M,
1285,2021,K,10.447761
1285,2021,M,4.863222
1286,2021,K,9.327549
1286,2021,M,5.999173
1287,2021,K,
1287,2021,M,
1290,2021,K,
1290,2021,M,
1291,2021,K,
1291,2021,M,
1292,2021,K,10.288654
1292,2021,M,5.605381
1293,2021,K,12.745812
1293,2021,M,7.872193
1315,2021,K,17.021277
1315,2021,M,8.221994
1380,2021,K,
1380,2021,M,
1381,2021,K,
1381,2021,M,
1382,2021,K,
1382,2021,M,
1383,2021,K,
1383,2021,M,
1384,2021,K,11.169434
1384,2021,M,5.057471
1401,2021,K,23.851149
1401,2021,M,14.485981
1402,2021,K,
1402,2021,M,
1407,2021,K,14.545455
1407,2021,M,7.104796
1415,2021,K,9.702725
1415,2021,M,5.720824
1419,2021,K,27.800491
1419,2021,M,15.234375
1421,2021,K,25.304592
1421,2021,M,12.003693
1427,2021,K,
1427,2021,M,
1430,2021,K,
1430,2021,M,
1435,2021,K,
1435,2021,M,
1438,2021,K,
1438,2021,M,
1439,2021,K,
1439,2021,M,
1440,2021,K,12.332991
1440,2021,M,5.511811
1441,2021,K,17.767079
1441,2021,M,10.221286
1442,2021,K,10.848126
1442,2021,M,7.609669
1443,2021,K,10.770975
1443,2021,M,5.387931
1444,2021,K,
1444,2021,M,
1445,2021,K,
1445,2021,M,
1446,2021,K,5.33049
1446,2021,M,2.982107
1447,2021,K,
1447,2021,M,
1452,2021,K,19.251925
1452,2021,M,8.173077
1460,2021,K,
1460,2021,M,
1461,2021,K,
1461,2021,M,
1462,2021,K,13.027853
1462,2021,M,5.761317
1463,2021,K,
1463,2021,M,
1465,2021,K,24.758454
1465,2021,M,13.318535
1466,2021,K,13.583441
1466,2021,M,6.181319
1470,2021,K,12.718601
1470,2021,M,4.444444
1471,2021,K,9.134615
1471,2021,M,5.70676
1472,2021,K,7.523148
1472,2021,M,5.813953
1473,2021,K,
1473,2021,M,
1480,2021,K,15.003062
1480,2021,M,8.664709
1481,2021,K,20.054155
1481,2021,M,12.590217
1482,2021,K,
1482,2021,M,
1484,2021,K,25.0501
1484,2021,M,8.300781
1485,2021,K,15.366681
1485,2021,M,7.618854
1486,2021,K,23.359841
1486,2021,M,6.25
1487,2021,K,18.00683
1487,2021,M,8.189529
1488,2021,K,11.646586
1488,2021,M,6.472179
1489,2021,K,
1489,2021,M,
1490,2021,K,9.520224
1490,2021,M,5.672206
1491,2021,K,13.555787
1491,2021,M,7.864633
1492,2021,K,18.716578
1492,2021,M,9.569378
1493,2021,K,
1493,2021,M,
1494,2021,K,11.269841
1494,2021,M,8.318479
1495,2021,K,8.855586
1495,2021,M,5.082592
1496,2021,K,9.70201
1496,2021,M,7.536606
1497,2021,K,22.997033
1497,2021,M,9.174312
1498,2021,K,13.104839
1498,2021,M,9.737098
1499,2021,K,
1499,2021,M,
1715,2021,K,
1715,2021,M,
1730,2021,K,
1730,2021,M,
1737,2021,K,27.027027
1737,2021,M,10.62417
1760,2021,K,
1760,2021,M,
1761,2021,K,13.827781
1761,2021,M,7.171543
1762,2021,K,
1762,2021,M,
1763,2021,K,
1763,2021,M,
1764,2021,K,
1764,2021,M,
1765,2021,K,14.20839
1765,2021,M,10.362694
1766,2021,K,
1766,2021,M,
1780,2021,K,10.832383
1780,2021,M,7.011572
1781,2021,K,15.282584
1781,2021,M,9.269068
1782,2021,K,5.256242
1782,2021,M,1.851852
1783,2021,K,
1783,2021,M,
1784,2021,K,13.101604
1784,2021,M,8.959681
1785,2021,K,12.663755
1785,2021,M,4.692833
1814,2021,K,8.595989
1814,2021,M,5.760369
1860,2021,K,1.322751
1860,2021,M,2.314815
1861,2021,K,10.711553
1861,2021,M,4.603399
1862,2021,K,
1862,2021,M,
1863,2021,K,29.116466
1863,2021,M,12.84585
1864,2021,K,
1864,2021,M,
1880,2021,K,11.251372
1880,2021,M,6.082184
1881,2021,K,13.63411
1881,2021,M,6.911344
1882,2021,K,11.529126
1882,2021,M,10.701546
1883,2021,K,16.710069
1883,2021,M,7.88835
1884,2021,K,17.584994
1884,2021,M,8.731083
1885,2021,K,14.232009
1885,2021,M,6.276151
1904,2021,K,
1904,2021,M,
1907,2021,K,
1907,2021,M,
1960,2021,K,
1960,2021,M,
1961,2021,K,13.950073
1961,2021,M,9.124088
1962,2021,K,
1962,2021,M,
1980,2021,K,9.398794
1980,2021,M,4.71383
1981,2021,K,
1981,2021,M,
1982,2021,K,
1982,2021,M,
1983,2021,K,12.84585
1983,2021,M,7.729682
1984,2021,K,23.64532
1984,2021,M,15.323993
2021,2021,K,
2021,2021,M,
2023,2021,K,
2023,2021,M,
2026,2021,K,33.975085
2026,2021,M,17.486339
2029,2021,K,27.385159
2029,2021,M,16.45768
2031,2021,K,18.624642
2031,2021,M,10.217114
2034,2021,K,
2034,2021,M,
2039,2021,K,
2039,2021,M,
2061,2021,K,
2061,2021,M,
2062,2021,K,19.083969
2062,2021,M,10.876321
2080,2021,K,12.927524
2080,2021,M,8.300781
2081,2021,K,
2081,2021,M,
2082,2021,K,
2082,2021,M,
2083,2021,K,7.936508
2083,2021,M,6.666667
2084,2021,K,
2084,2021,M,
2085,2021,K,
2085,2021,M,
2101,2021,K,
2101,2021,M,
2104,2021,K,
2104,2021,M,
2121,2021,K,11.47343
2121,2021,M,5.920344
2132,2021,K,
2132,2021,M,
2161,2021,K,24.964337
2161,2021,M,11.103634
2180,2021,K,13.650833
2180,2021,M,7.6504
2181,2021,K,20.339526
2181,2021,M,10.674505
2182,2021,K,24.8
2182,2021,M,13.091641
2183,2021,K,16.765286
2183,2021,M,11.816497
2184,2021,K,15.608919
2184,2021,M,8.386076
2260,2021,K,13.866232
2260,2021,M,7.879656
2262,2021,K,
2262,2021,M,
2280,2021,K,
2280,2021,M,
2281,2021,K,11.796619
2281,2021,M,6.713018
2282,2021,K,
2282,2021,M,
2283,2021,K,
2283,2021,M,
2284,2021,K,20.12664
2284,2021,M,10.737827
2303,2021,K,28.423773
2303,2021,M,23.809524
2305,2021,K,
2305,2021,M,
2309,2021,K,15.131137
2309,2021,M,10.170604
2313,2021,K,33.251232
2313,2021,M,17.177914
2321,2021,K,
2321,2021,M,
2326,2021,K,
2326,2021,M,
2361,2021,K,
2361,2021,M,
2380,2021,K,
2380,2021,M,
2401,2021,K,
2401,2021,M,
2403,2021,K,13.422819
2403,2021,M,5.076142
2404,2021,K,
2404,2021,M,
2409,2021,K,16.504854
2409,2021,M,11.586453
2417,2021,K,
2417,2021,M,
2418,2021,K,
2418,2021,M,
2421,2021,K,18.656716
2421,2021,M,11.138614
2422,2021,K,
2422,2021,M,
2425,2021,K,0.0
2425,2021,M,2.73224
2460,2021,K,13.12336
2460,2021,M,8.896797
2462,2021,K,
2462,2021,M,
2463,2021,K,
2463,2021,M,
2480,2021,K,7.071713
2480,2021,M,4.637233
2481,2021,K,
2481,2021,M,
2482,2021,K,
2482,2021,M,
2505,2021,K,17.03163
2505,2021,M,6.696429
2506,2021,K,25.714286
2506,2021,M,2.824859
2510,2021,K,18.032787
2510,2021,M,8.591065
2513,2021,K,18.63354
2513,2021,M,4.694836
2514,2021,K,23.855891
2514,2021,M,11.255411
2518,2021,K,28.409091
2518,2021,M,16.460905
2521,2021,K,29.761905
2521,2021,M,6.112469
2523,2021,K,
2523,2021,M,
2560,2021,K,20.609319
2560,2021,M,12.638231
2580,2021,K,
2580,2021,M,
2581,2021,K,12.719849
2581,2021,M,6.120665
2582,2021,K,15.497967
2582,2021,M,10.411737
2583,2021,K,25.069638
2583,2021,M,12.903226
2584,2021,K,13.497301
2584,2021,M,4.542873
0000,2022,K,
0000,2022,M,
0114,2022,K,
0114,2022,M,
0115,2022,K,18.873403
0115,2022,M,9.737625
0117,2022,K,
0117,2022,M,
0120,2022,K,11.584801
0120,2022,M,7.959006
0123,2022,K,
0123,2022,M,
0125,2022,K,12.49589
0125,2022,M,9.827278
0126,2022,K,6.62405
0126,2022,M,4.495159
0127,2022,K,
0127,2022,M,
0128,2022,K,
0128,2022,M,
0136,2022,K,5.762148
0136,2022,M,3.552004
0138,2022,K,17.266949
0138,2022,M,8.590394
0139,2022,K,19.191576
0139,2022,M,7.433743
0140,2022,K,
0140,2022,M,
0160,2022,K,10.434292
0160,2022,M,6.74974
0162,2022,K,17.055394
0162,2022,M,10.529158
0163,2022,K,9.611424
0163,2022,M,4.606526
0180,2022,K,10.75779
0180,2022,M,6.024015
0181,2022,K,
0181,2022,M,
0182,2022,K,28.791446
0182,2022,M,17.799353
0183,2022,K,13.375621
0183,2022,M,5.230126
0184,2022,K,29.436239
0184,2022,M,13.448142
0186,2022,K,
0186,2022,M,
0187,2022,K,22.154648
0187,2022,M,15.879479
0188,2022,K,
0188,2022,M,
0191,2022,K,
0191,2022,M,
0192,2022,K,9.315425
0192,2022,M,6.911532
0305,2022,K,17.612077
0305,2022,M,8.980692
0319,2022,K,
0319,2022,M,
0330,2022,K,
0330,2022,M,
0331,2022,K,10.443864
0331,2022,M,5.11509
0360,2022,K,
0360,2022,M,
0380,2022,K,
0380,2022,M,
0381,2022,K,11.445633
0381,2022,M,6.828349
0382,2022,K,23.367286
0382,2022,M,11.580776
0428,2022,K,
0428,2022,M,
0461,2022,K,32.258065
0461,2022,M,19.212746
0480,2022,K,14.315353
0480,2022,M,8.576998
0481,2022,K,18.418202
0481,2022,M,10.582011
0482,2022,K,23.671096
0482,2022,M,14.306152
0483,2022,K,8.838384
0483,2022,M,4.46281
0484,2022,K,9.946237
0484,2022,M,5.595483
0486,2022,K,13.993379
0486,2022,M,7.757405
0488,2022,K,14.061208
0488,2022,M,9.125475
0509,2022,K,
0509,2022,M,
0512,2022,K,
0512,2022,M,
0513,2022,K,
0513,2022,M,
0560,2022,K,
0560,2022,M,
0561,2022,K,
0561,2022,M,
0562,2022,K,
0562,2022,M,
0563,2022,K,
0563,2022,M,
0580,2022,K,
0580,2022,M,
0581,2022,K,
0581,2022,M,
0582,2022,K,
0582,2022,M,
0583,2022,K,18.851508
0583,2022,M,9.827357
0584,2022,K,29.91453
0584,2022,M,13.059701
0586,2022,K,16.842105
0586,2022,M,10.842881
0604,2022,K,23.020258
0604,2022,M,10.471204
0617,2022,K,
0617,2022,M,
0642,2022,K,
0642,2022,M,
0643,2022,K,
0643,2022,M,
0662,2022,K,9.259259
0662,2022,M,6.161314
0665,2022,K,6.706408
0665,2022,M,4.017531
0680,2022,K,14.871145
0680,2022,M,8.597723
0682,2022,K,16.220294
0682,2022,M,7.008547
0683,2022,K,
0683,2022,M,
0684,2022,K,11.82266
0684,2022,M,5.454545
0685,2022,K,9.392748
0685,2022,M,5.894309
0686,2022,K,20.055325
0686,2022,M,8.608815
0687,2022,K,22.851296
0687,2022,M,8.079553
0760,2022,K,
0760,2022,M,
0761,2022,K,14.102564
0761,2022,M,6.410256
0763,2022,K,
0763,2022,M,
0764,2022,K,
0764,2022,M,
0765,2022,K,
0765,2022,M,
0767,2022,K,
0767,2022,M,
0780,2022,K,
0780,2022,M,
0781,2022,K,17.524401
0781,2022,M,10.132159
0821,2022,K,
0821,2022,M,
0834,2022,K,
0834,2022,M,
0840,2022,K,
0840,2022,M,
0860,2022,K,
0860,2022,M,
0861,2022,K,11.916584
0861,2022,M,7.590133
0862,2022,K,
0862,2022,M,
0880,2022,K,15.130313
0880,2022,M,5.707571
0881,2022,K,
0881,2022,M,
0882,2022,K,
0882,2022,M,
0883,2022,K,13.533835
0883,2022,M,6.50289
0884,2022,K,
0884,2022,M,
0885,2022,K,24.486572
0885,2022,M,12.781955
0980,2022,K,15.929998
0980,2022,M,8.487163
1060,2022,K,
1060,2022,M,
1080,2022,K,
1080,2022,M,
1081,2022,K,
1081,2022,M,
1082,2022,K,
1082,2022,M,
1083,2022,K,
1083,2022,M,
1214,2022,K,14.112903
1214,2022,M,7.24113
1230,2022,K,
1230,2022,M,
1231,2022,K,17.448513
1231,2022,M,7.893304
1233,2022,K,17.71542
1233,2022,M,9.615385
1256,2022,K,17.241379
1256,2022,M,9.157509
1257,2022,K,
1257,2022,M,
1260,2022,K,5.401756
1260,2022,M,3.27654
1261,2022,K,16.215365
1261,2022,M,10.660047
1262,2022,K,17.00299
1262,2022,M,11.047874
1263,2022,K,15.531915
1263,2022,M,7.62134
1264,2022,K,20.465773
1264,2022,M,10.660981
1265,2022,K,11.864407
1265,2022,M,7.84683
1266,2022,K,
1266,2022,M,
1267,2022,K,20.352782
1267,2022,M,11.406844
1270,2022,K,23.266857
1270,2022,M,12.923351
1272,2022,K,13.270142
1272,2022,M,7.901668
1273,2022,K,
1273,2022,M,
1275,2022,K,
1275,2022,M,
1276,2022,K,9.345794
1276,2022,M,4.716981
1277,2022,K,10.449652
1277,2022,M,7.756563
1278,2022,K,
1278,2022,M,
1280,2022,K,7.888283
1280,2022,M,5.014025
1281,2022,K,18.776771
1281,2022,M,12.252635
1282,2022,K,7.611549
1282,2022,M,2.796693
1283,2022,K,7.439024
1283,2022,M,4.849511
1284,2022,K,
1284,2022,M,
1285,2022,K,15.02642
1285,2022,M,6.404392
1286,2022,K,8.55798
1286,2022,M,5.816286
1287,2022,K,
1287,2022,M,
1290,2022,K,
1290,2022,M,
1291,2022,K,24.086379
1291,2022,M,15.028432
1292,2022,K,10.252809
1292,2022,M,6.082725
1293,2022,K,
1293,2022,M,
1315,2022,K,18.338727
1315,2022,M,6.756757
1380,2022,K,20.178042
1380,2022,M,8.76899
1381,2022,K,
1381,2022,M,
1382,2022,K,
1382,2022,M,
1383,2022,K,
1383,2022,M,
1384,2022,K,15.166222
1384,2022,M,7.019747
1401,2022,K,
1401,2022,M,
1402,2022,K,
1402,2022,M,
1407,2022,K,14.638609
1407,2022,M,8.181818
1415,2022,K,9.93109
1415,2022,M,6.522549
1419,2022,K,25.869038
1419,2022,M,14.509804
1421,2022,K,23.299161
1421,2022,M,11.090573
1427,2022,K,
1427,2022,M,
1430,2022,K,
1430,2022,M,
1435,2022,K,12.514221
1435,2022,M,8.317025
1438,2022,K,
1438,2022,M,
1439,2022,K,
1439,2022,M,
1440,2022,K,
1440,2022,M,
1441,2022,K,18.960036
1441,2022,M,10.45369
1442,2022,K,15.108593
1442,2022,M,9.777778
1443,2022,K,
1443,2022,M,
1444,2022,K,
1444,2022,M,
1445,2022,K,
1445,2022,M,
1446,2022,K,3.138075
1446,2022,M,1.980198
1447,2022,K,
1447,2022,M,
1452,2022,K,
1452,2022,M,
1460,2022,K,
1460,2022,M,
1461,2022,K,
1461,2022,M,
1462,2022,K,15.500443
1462,2022,M,6.854839
1463,2022,K,16.265673
1463,2022,M,9.95824
1465,2022,K,25.301205
1465,2022,M,13.96648
1466,2022,K,12.987013
1466,2022,M,4.685408
1470,2022,K,
1470,2022,M,
1471,2022,K,11.98466
1471,2022,M,7.575758
1472,2022,K,
1472,2022,M,
1473,2022,K,24.924471
1473,2022,M,8.586526
1480,2022,K,14.624826
1480,2022,M,8.363281
1481,2022,K,20.646471
1481,2022,M,13.097317
1482,2022,K,10.77266
1482,2022,M,4.483789
1484,2022,K,22.567703
1484,2022,M,8.357915
1485,2022,K,16.353661
1485,2022,M,7.863826
1486,2022,K,
1486,2022,M,
1487,2022,K,16.018663
1487,2022,M,7.29714
1488,2022,K,13.331997
1488,2022,M,7.267164
1489,2022,K,19.246746
1489,2022,M,8.211679
1490,2022,K,10.324168
1490,2022,M,5.5676
1491,2022,K,15.664477
1491,2022,M,7.772021
1492,2022,K,21.528525
1492,2022,M,12.112403
1493,2022,K,
1493,2022,M,
1494,2022,K,10.685805
1494,2022,M,7.009346
1495,2022,K,8.417508
1495,2022,M,4.987531
1496,2022,K,10.37438
1496,2022,M,7.278955
1497,2022,K,20.679468
1497,2022,M,10.013351
1498,2022,K,13.888889
1498,2022,M,9.487666
1499,2022,K,11.427567
1499,2022,M,5.259586
1715,2022,K,
1715,2022,M,
1730,2022,K,
1730,2022,M,
1737,2022,K,24.76573
1737,2022,M,9.102731
1760,2022,K,6.072874
1760,2022,M,3.412969
1761,2022,K,
1761,2022,M,
1762,2022,K,
1762,2022,M,
1763,2022,K,10.604454
1763,2022,M,4.124656
1764,2022,K,
1764,2022,M,
1765,2022,K,16.937669
1765,2022,M,7.284768
1766,2022,K,
1766,2022,M,
1780,2022,K,13.657375
1780,2022,M,8.712424
1781,2022,K,11.363636
1781,2022,M,6.922258
1782,2022,K,5.347594
1782,2022,M,2.49066
1783,2022,K,
1783,2022,M,
1784,2022,K,14.87779
1784,2022,M,8.85391
1785,2022,K,14.77171
1785,2022,M,5.584192
1814,2022,K,9.51087
1814,2022,M,0.0
1860,2022,K,
1860,2022,M,
1861,2022,K,11.227545
1861,2022,M,4.561404
1862,2022,K,
1862,2022,M,
1863,2022,K,31.697342
1863,2022,M,17.206478
1864,2022,K,
1864,2022,M,
1880,2022,K,11.887188
1880,2022,M,6.233957
1881,2022,K,11.197663
1881,2022,M,5.668399
1882,2022,K,14.162562
1882,2022,M,9.90676
1883,2022,K,
1883,2022,M,
1884,2022,K,
1884,2022,M,
1885,2022,K,15.248796
1885,2022,M,6.582412
1904,2022,K,
1904,2022,M,
1907,2022,K,
1907,2022,M,
1960,2022,K,
1960,2022,M,
1961,2022,K,16.918647
1961,2022,M,8.196721
1962,2022,K,
1962,2022,M,
1980,2022,K,12.382445
1980,2022,M,5.991524
1981,2022,K,
1981,2022,M,
1982,2022,K,13.169447
1982,2022,M,6.661116
1983,2022,K,15.113974
1983,2022,M,7.064018
1984,2022,K,23.476523
1984,2022,M,12.216405
2021,2022,K,
2021,2022,M,
2023,2022,K,30.235988
2023,2022,M,9.370817
2026,2022,K,34.870641
2026,2022,M,17.448201
2029,2022,K,28.533802
2029,2022,M,13.983371
2031,2022,K,18.492176
2031,2022,M,9.855453
2034,2022,K,
2034,2022,M,
2039,2022,K,
2039,2022,M,
2061,2022,K,
2061,2022,M,
2062,2022,K,
2062,2022,M,
2080,2022,K,13.540622
2080,2022,M,8.21256
2081,2022,K,10.559425
2081,2022,M,7.075472
2082,2022,K,
2082,2022,M,
2083,2022,K,25.416667
2083,2022,M,12.626263
2084,2022,K,11.448197
2084,2022,M,5.879059
2085,2022,K,
2085,2022,M,
2101,2022,K,
2101,2022,M,
2104,2022,K,
2104,2022,M,
2121,2022,K,15.531661
2121,2022,M,8.038585
2132,2022,K,
2132,2022,M,
2161,2022,K,27.738764
2161,2022,M,11.768662
2180,2022,K,14.165344
2180,2022,M,7.789792
2181,2022,K,19.420567
2181,2022,M,10.423053
2182,2022,K,
2182,2022,M,
2183,2022,K,16.94499
2183,2022,M,10.818438
2184,2022,K,16.489179
2184,2022,M,8.48
2260,2022,K,10.833333
2260,2022,M,5.839416
2262,2022,K,12.455516
2262,2022,M,5.735493
2280,2022,K,
2280,2022,M,
2281,2022,K,
2281,2022,M,
2282,2022,K,17.009494
2282,2022,M,7.966616
2283,2022,K,
2283,2022,M,
2284,2022,K,17.945824
2284,2022,M,7.837323
2303,2022,K,29.411765
2303,2022,M,21.621622
2305,2022,K,
2305,2022,M,
2309,2022,K,
2309,2022,M,
2313,2022,K,32.121212
2313,2022,M,12.758202
2321,2022,K,
2321,2022,M,
2326,2022,K,
2326,2022,M,
2361,2022,K,
2361,2022,M,
2380,2022,K,
2380,2022,M,
2401,2022,K,
2401,2022,M,
2403,2022,K,22.727273
2403,2022,M,12.755102
2404,2022,K,
2404,2022,M,
2409,2022,K,17.013233
2409,2022,M,12.433393
2417,2022,K,
2417,2022,M,
2418,2022,K,
2418,2022,M,
2421,2022,K,18.337408
2421,2022,M,11.597938
2422,2022,K,
2422,2022,M,
2425,2022,K,
2425,2022,M,
2460,2022,K,14.569536
2460,2022,M,9.501188
2462,2022,K,
2462,2022,M,
2463,2022,K,
2463,2022,M,
2480,2022,K,7.171118
2480,2022,M,4.703535
2481,2022,K,
2481,2022,M,
2482,2022,K,
2482,2022,M,
2505,2022,K,23.341523
2505,2022,M,7.7951
2506,2022,K,21.472393
2506,2022,M,2.857143
2510,2022,K,18.394649
2510,2022,M,4.966887
2513,2022,K,9.803922
2513,2022,M,0.0
2514,2022,K,23.489933
2514,2022,M,10.803803
2518,2022,K,
2518,2022,M,
2521,2022,K,35.532995
2521,2022,M,9.876543
2523,2022,K,
2523,2022,M,
2560,2022,K,18.683274
2560,2022,M,13.556619
2580,2022,K,
2580,2022,M,
2581,2022,K,20.018768
2581,2022,M,9.037901
2582,2022,K,14.690722
2582,2022,M,9.656147
2583,2022,K,
2583,2022,M,
2584,2022,K,
2584,2022,M,
