geo,year,n17445
0,2014,63.399216
0114,2014,57.587549
0115,2014,67.170626
0117,2014,62.47505
0120,2014,61.090909
0123,2014,59.791425
0125,2014,63.684211
0126,2014,58.508159
0127,2014,49.867374
0128,2014,65.289256
0136,2014,50.738916
0138,2014,63.888889
0139,2014,54.575163
0140,2014,61.22449
0160,2014,74.547648
0162,2014,68.614719
0163,2014,66.894977
0180,2014,55.948795
0181,2014,50.881834
0182,2014,69.583687
0183,2014,53.398058
0184,2014,60.344828
0186,2014,63.636364
0187,2014,68.382353
0188,2014,59.970674
0191,2014,57.581227
0192,2014,53.99361
0305,2014,57.843137
0319,2014,58.928571
0330,2014,73.786408
0331,2014,54.644809
0360,2014,58.483755
0380,2014,64.438254
0381,2014,63.003663
0382,2014,66.202091
0428,2014,65.217391
0461,2014,65.217391
0480,2014,68.535826
0481,2014,81.679389
0482,2014,57.8125
0483,2014,66.137566
0484,2014,62.301918
0486,2014,56.476684
0488,2014,72.666667
0509,2014,55.952381
0512,2014,87.804878
0513,2014,69.62963
0560,2014,61.22449
0561,2014,63.218391
0562,2014,66.808511
0563,2014,44.94382
0580,2014,64.858491
0581,2014,60.150376
0582,2014,64.824121
0583,2014,58.857143
0584,2014,65.656566
0586,2014,70.897833
0604,2014,69.047619
0617,2014,65.116279
0642,2014,64.646465
0643,2014,63.309353
0662,2014,64.0
0665,2014,62.406015
0680,2014,66.217949
0682,2014,74.540682
0683,2014,61.870504
0684,2014,71.14094
0685,2014,74.858757
0686,2014,71.823204
0687,2014,73.913043
0760,2014,65.57377
0761,2014,62.264151
0763,2014,63.225806
0764,2014,69.874477
0765,2014,73.869347
0767,2014,61.682243
0780,2014,58.224299
0781,2014,71.818182
0821,2014,79.268293
0834,2014,69.318182
0840,2014,69.444444
0860,2014,67.525773
0861,2014,68.35443
0862,2014,66.363636
0880,2014,68.01676
0881,2014,66.525424
0882,2014,72.516556
0883,2014,63.981043
0884,2014,62.303665
0885,2014,70.769231
0980,2014,62.594268
1060,2014,75.510204
1080,2014,71.349862
1081,2014,64.6875
1082,2014,67.783505
1083,2014,62.130178
1214,2014,58.536585
1230,2014,64.285714
1231,2014,55.868545
1233,2014,78.524946
1256,2014,58.152174
1257,2014,64.220183
1260,2014,56.372549
1261,2014,68.768769
1262,2014,76.315789
1263,2014,71.428571
1264,2014,61.809045
1265,2014,66.190476
1266,2014,55.263158
1267,2014,64.102564
1270,2014,61.904762
1272,2014,55.704698
1273,2014,68.387097
1275,2014,60.25641
1276,2014,58.974359
1277,2014,57.070707
1278,2014,63.934426
1280,2014,52.407537
1281,2014,71.311475
1282,2014,52.494577
1283,2014,61.904762
1284,2014,74.216028
1285,2014,61.124122
1286,2014,73.977695
1287,2014,61.913696
1290,2014,68.105263
1291,2014,74.235808
1292,2014,70.216963
1293,2014,67.536705
1315,2014,68.152866
1380,2014,69.47271
1381,2014,69.642857
1382,2014,66.541353
1383,2014,68.58006
1384,2014,74.344023
1401,2014,70.20316
1402,2014,67.806841
1407,2014,71.33758
1415,2014,63.69863
1419,2014,65.555556
1421,2014,71.287129
1427,2014,67.326733
1430,2014,66.115702
1435,2014,65.909091
1438,2014,72.222222
1439,2014,40.659341
1440,2014,62.340967
1441,2014,71.174377
1442,2014,61.325967
1443,2014,72.527473
1444,2014,68.539326
1445,2014,51.5625
1446,2014,75.384615
1447,2014,65.0
1452,2014,70.503597
1460,2014,64.150943
1461,2014,64.166667
1462,2014,61.870504
1463,2014,67.268623
1465,2014,77.777778
1466,2014,72.932331
1470,2014,59.895833
1471,2014,68.674699
1472,2014,78.625954
1473,2014,70.16129
1480,2014,57.406664
1481,2014,68.302945
1482,2014,65.436893
1484,2014,55.974843
1485,2014,64.191419
1486,2014,58.77193
1487,2014,72.921109
1488,2014,68.26087
1489,2014,66.003976
1490,2014,64.983713
1491,2014,67.820069
1492,2014,72.368421
1493,2014,69.039146
1494,2014,67.234043
1495,2014,65.254237
1496,2014,68.237347
1497,2014,65.137615
1498,2014,67.346939
1499,2014,63.131313
1715,2014,58.169935
1730,2014,63.917526
1737,2014,64.084507
1760,2014,56.521739
1761,2014,71.162791
1762,2014,63.157895
1763,2014,60.714286
1764,2014,50.413223
1765,2014,68.181818
1766,2014,65.151515
1780,2014,63.798883
1781,2014,56.521739
1782,2014,45.098039
1783,2014,69.736842
1784,2014,65.762712
1785,2014,68.452381
1814,2014,61.904762
1860,2014,79.104478
1861,2014,71.818182
1862,2014,59.016393
1863,2014,67.346939
1864,2014,60.344828
1880,2014,65.867876
1881,2014,68.641115
1882,2014,69.53125
1883,2014,64.0
1884,2014,62.837838
1885,2014,68.518519
1904,2014,52.083333
1907,2014,62.162162
1960,2014,65.0
1961,2014,69.417476
1962,2014,67.741935
1980,2014,65.617128
1981,2014,62.633452
1982,2014,55.395683
1983,2014,69.395018
1984,2014,70.238095
2021,2014,69.69697
2023,2014,66.935484
2026,2014,68.333333
2029,2014,65.463918
2031,2014,60.162602
2034,2014,58.536585
2039,2014,51.724138
2061,2014,68.992248
2062,2014,60.730594
2080,2014,70.520231
2081,2014,68.0
2082,2014,69.172932
2083,2014,59.615385
2084,2014,70.434783
2085,2014,65.602837
2101,2014,60.0
2104,2014,61.290323
2121,2014,64.084507
2132,2014,46.268657
2161,2014,69.191919
2180,2014,63.931298
2181,2014,62.206573
2182,2014,62.230216
2183,2014,60.606061
2184,2014,65.258216
2260,2014,51.587302
2262,2014,58.962264
2280,2014,59.010601
2281,2014,60.787992
2282,2014,72.081218
2283,2014,60.25641
2284,2014,65.309446
2303,2014,63.513514
2305,2014,47.619048
2309,2014,66.480447
2313,2014,52.083333
2321,2014,59.84252
2326,2014,62.105263
2361,2014,52.307692
2380,2014,66.307692
2401,2014,59.52381
2403,2014,76.744186
2404,2014,67.567568
2409,2014,71.428571
2417,2014,45.945946
2418,2014,77.5
2421,2014,66.153846
2422,2014,53.846154
2425,2014,69.230769
2460,2014,66.666667
2462,2014,63.829787
2463,2014,55.882353
2480,2014,64.236378
2481,2014,63.157895
2482,2014,67.344754
2505,2014,62.903226
2506,2014,62.857143
2510,2014,62.5
2513,2014,70.0
2514,2014,61.85567
2518,2014,48.387097
2521,2014,73.076923
2523,2014,68.292683
2560,2014,72.727273
2580,2014,65.031447
2581,2014,75.368421
2582,2014,60.509554
2583,2014,56.896552
2584,2014,67.753623
0,2015,65.170981
0114,2015,58.08656
0115,2015,72.264631
0117,2015,69.407266
0120,2015,65.619224
0123,2015,60.382166
0125,2015,70.754717
0126,2015,61.150512
0127,2015,52.913969
0128,2015,59.803922
0136,2015,53.681964
0138,2015,62.932455
0139,2015,54.511278
0140,2015,77.391304
0160,2015,77.75
0162,2015,77.985948
0163,2015,69.163546
0180,2015,57.909605
0181,2015,51.950523
0182,2015,73.929236
0183,2015,56.656347
0184,2015,63.146067
0186,2015,70.398482
0187,2015,74.342105
0188,2015,65.097403
0191,2015,57.015986
0192,2015,54.82866
0305,2015,57.627119
0319,2015,64.516129
0330,2015,69.822485
0331,2015,68.589744
0360,2015,64.197531
0380,2015,63.300142
0381,2015,63.948498
0382,2015,63.445378
0428,2015,59.821429
0461,2015,70.07874
0480,2015,70.036101
0481,2015,62.616822
0482,2015,62.874251
0483,2015,64.902507
0484,2015,64.487633
0486,2015,64.190981
0488,2015,73.015873
0509,2015,68.333333
0512,2015,87.234043
0513,2015,72.727273
0560,2015,76.811594
0561,2015,69.565217
0562,2015,72.57384
0563,2015,61.842105
0580,2015,68.464997
0581,2015,63.019391
0582,2015,67.79661
0583,2015,62.082515
0584,2015,62.195122
0586,2015,69.0
0604,2015,67.948718
0617,2015,70.542636
0642,2015,61.386139
0643,2015,80.851064
0662,2015,57.029178
0665,2015,64.0
0680,2015,69.102296
0682,2015,70.05988
0683,2015,65.09901
0684,2015,68.217054
0685,2015,75.0
0686,2015,77.300613
0687,2015,80.382775
0760,2015,50.833333
0761,2015,58.585859
0763,2015,62.589928
0764,2015,68.877551
0765,2015,72.988506
0767,2015,69.69697
0780,2015,66.153846
0781,2015,69.642857
0821,2015,73.214286
0834,2015,61.666667
0840,2015,69.677419
0860,2015,69.655172
0861,2015,68.987342
0862,2015,80.21978
0880,2015,66.758621
0881,2015,78.365385
0882,2015,74.592834
0883,2015,68.852459
0884,2015,68.786127
0885,2015,60.36036
0980,2015,64.215686
1060,2015,71.621622
1080,2015,69.525268
1081,2015,68.634686
1082,2015,74.404762
1083,2015,65.517241
1214,2015,67.460317
1230,2015,67.79661
1231,2015,54.591837
1233,2015,79.130435
1256,2015,65.100671
1257,2015,59.52381
1260,2015,58.415842
1261,2015,71.91358
1262,2015,80.656934
1263,2015,69.105691
1264,2015,63.483146
1265,2015,56.129032
1266,2015,61.627907
1267,2015,63.793103
1270,2015,74.796748
1272,2015,57.352941
1273,2015,65.100671
1275,2015,71.621622
1276,2015,63.981043
1277,2015,65.591398
1278,2015,76.923077
1280,2015,52.436855
1281,2015,71.299094
1282,2015,61.050328
1283,2015,63.49892
1284,2015,73.469388
1285,2015,62.944162
1286,2015,66.666667
1287,2015,65.327696
1290,2015,66.517357
1291,2015,63.265306
1292,2015,75.791855
1293,2015,73.001776
1315,2015,60.31746
1380,2015,69.18304
1381,2015,74.708171
1382,2015,71.264368
1383,2015,69.597615
1384,2015,74.495218
1401,2015,69.444444
1402,2015,72.444444
1407,2015,64.375
1415,2015,69.400631
1419,2015,65.909091
1421,2015,71.038251
1427,2015,61.616162
1430,2015,67.857143
1435,2015,71.2
1438,2015,63.043478
1439,2015,64.556962
1440,2015,64.327485
1441,2015,71.186441
1442,2015,56.097561
1443,2015,70.0
1444,2015,70.3125
1445,2015,66.216216
1446,2015,69.69697
1447,2015,51.923077
1452,2015,68.275862
1460,2015,66.949153
1461,2015,62.650602
1462,2015,59.310345
1463,2015,66.223404
1465,2015,61.818182
1466,2015,68.518519
1470,2015,60.0
1471,2015,61.764706
1472,2015,61.320755
1473,2015,76.842105
1480,2015,60.919073
1481,2015,66.902405
1482,2015,68.045977
1484,2015,62.111801
1485,2015,65.47619
1486,2015,62.4
1487,2015,70.792079
1488,2015,67.316342
1489,2015,67.268623
1490,2015,65.225391
1491,2015,71.698113
1492,2015,65.540541
1493,2015,76.628352
1494,2015,68.475992
1495,2015,66.055046
1496,2015,76.268116
1497,2015,62.626263
1498,2015,65.0
1499,2015,67.638484
1715,2015,65.584416
1730,2015,59.433962
1737,2015,51.612903
1760,2015,44.776119
1761,2015,76.804124
1762,2015,50.0
1763,2015,60.869565
1764,2015,52.808989
1765,2015,59.813084
1766,2015,69.178082
1780,2015,67.818832
1781,2015,67.399267
1782,2015,55.0
1783,2015,59.589041
1784,2015,67.97153
1785,2015,66.995074
1814,2015,63.095238
1860,2015,74.576271
1861,2015,72.486772
1862,2015,61.111111
1863,2015,70.512821
1864,2015,46.296296
1880,2015,69.063444
1881,2015,67.692308
1882,2015,73.584906
1883,2015,69.0625
1884,2015,68.292683
1885,2015,61.19403
1904,2015,38.888889
1907,2015,57.894737
1960,2015,61.538462
1961,2015,64.130435
1962,2015,53.623188
1980,2015,67.508091
1981,2015,66.968326
1982,2015,63.779528
1983,2015,69.172932
1984,2015,71.153846
2021,2015,75.609756
2023,2015,65.517241
2026,2015,70.866142
2029,2015,67.073171
2031,2015,64.285714
2034,2015,58.536585
2039,2015,67.79661
2061,2015,68.0
2062,2015,67.005076
2080,2015,70.614035
2081,2015,61.319073
2082,2015,76.068376
2083,2015,64.606742
2084,2015,63.598326
2085,2015,72.638436
2101,2015,66.101695
2104,2015,54.639175
2121,2015,71.724138
2132,2015,65.384615
2161,2015,65.346535
2180,2015,65.586273
2181,2015,61.477573
2182,2015,64.59854
2183,2015,59.717314
2184,2015,69.25
2260,2015,66.071429
2262,2015,59.388646
2280,2015,61.565836
2281,2015,56.955645
2282,2015,60.451977
2283,2015,66.028708
2284,2015,71.40411
2303,2015,70.588235
2305,2015,57.831325
2309,2015,68.072289
2313,2015,65.873016
2321,2015,62.626263
2326,2015,68.055556
2361,2015,63.461538
2380,2015,70.081301
2401,2015,54.444444
2403,2015,66.666667
2404,2015,67.241379
2409,2015,61.842105
2417,2015,66.037736
2418,2015,71.428571
2421,2015,73.4375
2422,2015,43.333333
2425,2015,51.428571
2460,2015,57.009346
2462,2015,64.356436
2463,2015,46.153846
2480,2015,71.701389
2481,2015,73.94958
2482,2015,71.428571
2505,2015,67.142857
2506,2015,56.097561
2510,2015,46.478873
2513,2015,56.756757
2514,2015,64.204545
2518,2015,72.222222
2521,2015,58.823529
2523,2015,68.229167
2560,2015,70.652174
2580,2015,67.051282
2581,2015,74.89083
2582,2015,62.0
2583,2015,61.956522
2584,2015,60.869565
0,2016,65.195459
0114,2016,57.894737
0115,2016,69.761905
0117,2016,70.954357
0120,2016,70.171674
0123,2016,61.538462
0125,2016,70.547945
0126,2016,63.266998
0127,2016,52.427184
0128,2016,59.313725
0136,2016,53.1961
0138,2016,62.354892
0139,2016,55.05618
0140,2016,68.852459
0160,2016,78.928136
0162,2016,74.082569
0163,2016,70.280612
0180,2016,59.4027
0181,2016,55.752212
0182,2016,73.09833
0183,2016,53.250774
0184,2016,61.778846
0186,2016,65.36965
0187,2016,72.727273
0188,2016,60.034014
0191,2016,45.506692
0192,2016,61.643836
0305,2016,61.764706
0319,2016,55.952381
0330,2016,72.131148
0331,2016,65.806452
0360,2016,63.492063
0380,2016,64.785992
0381,2016,62.033195
0382,2016,73.732719
0428,2016,61.956522
0461,2016,64.646465
0480,2016,67.765568
0481,2016,67.54386
0482,2016,51.173709
0483,2016,58.100559
0484,2016,58.348135
0486,2016,60.833333
0488,2016,74.264706
0509,2016,71.212121
0512,2016,75.0
0513,2016,60.526316
0560,2016,76.315789
0561,2016,71.830986
0562,2016,63.926941
0563,2016,55.714286
0580,2016,64.934211
0581,2016,61.358811
0582,2016,64.341085
0583,2016,61.123596
0584,2016,60.493827
0586,2016,70.526316
0604,2016,80.0
0617,2016,58.394161
0642,2016,77.631579
0643,2016,74.603175
0662,2016,58.421053
0665,2016,66.906475
0680,2016,71.43928
0682,2016,73.823529
0683,2016,69.20904
0684,2016,65.217391
0685,2016,74.025974
0686,2016,70.068027
0687,2016,81.280788
0760,2016,70.27027
0761,2016,45.544554
0763,2016,70.434783
0764,2016,61.751152
0765,2016,71.348315
0767,2016,61.904762
0780,2016,65.079365
0781,2016,69.932432
0821,2016,68.965517
0834,2016,68.493151
0840,2016,75.0
0860,2016,62.903226
0861,2016,69.444444
0862,2016,63.636364
0880,2016,68.238994
0881,2016,73.184358
0882,2016,75.090253
0883,2016,66.369048
0884,2016,78.125
0885,2016,72.815534
0980,2016,67.548501
1060,2016,70.229008
1080,2016,72.712146
1081,2016,71.119134
1082,2016,70.358306
1083,2016,68.421053
1214,2016,65.838509
1230,2016,73.966942
1231,2016,57.526882
1233,2016,73.963134
1256,2016,67.682927
1257,2016,55.652174
1260,2016,58.064516
1261,2016,73.786408
1262,2016,79.757085
1263,2016,74.897119
1264,2016,68.131868
1265,2016,65.745856
1266,2016,65.100671
1267,2016,69.364162
1270,2016,71.942446
1272,2016,68.275862
1273,2016,76.027397
1275,2016,67.567568
1276,2016,63.402062
1277,2016,61.202186
1278,2016,67.5
1280,2016,54.755967
1281,2016,74.06015
1282,2016,59.569378
1283,2016,65.522502
1284,2016,75.517241
1285,2016,63.218391
1286,2016,77.734375
1287,2016,66.299559
1290,2016,63.763441
1291,2016,58.940397
1292,2016,75.626424
1293,2016,71.374765
1315,2016,65.517241
1380,2016,70.043103
1381,2016,70.075758
1382,2016,75.838926
1383,2016,71.061093
1384,2016,74.948665
1401,2016,70.94431
1402,2016,72.259508
1407,2016,79.136691
1415,2016,65.540541
1419,2016,71.14094
1421,2016,68.918919
1427,2016,76.54321
1430,2016,67.213115
1435,2016,70.689655
1438,2016,69.230769
1439,2016,51.428571
1440,2016,59.383754
1441,2016,70.362903
1442,2016,68.939394
1443,2016,68.041237
1444,2016,83.018868
1445,2016,63.829787
1446,2016,66.666667
1447,2016,55.737705
1452,2016,78.10219
1460,2016,65.217391
1461,2016,64.646465
1462,2016,68.35443
1463,2016,71.857923
1465,2016,60.15625
1466,2016,75.229358
1470,2016,68.09816
1471,2016,73.584906
1472,2016,72.727273
1473,2016,74.736842
1480,2016,60.364703
1481,2016,67.84141
1482,2016,68.942731
1484,2016,57.763975
1485,2016,64.705882
1486,2016,58.558559
1487,2016,67.653759
1488,2016,62.211982
1489,2016,68.421053
1490,2016,65.296804
1491,2016,74.509804
1492,2016,68.852459
1493,2016,69.485294
1494,2016,75.0
1495,2016,71.770335
1496,2016,69.411765
1497,2016,79.069767
1498,2016,66.40625
1499,2016,63.02521
1715,2016,62.878788
1730,2016,65.384615
1737,2016,69.230769
1760,2016,71.698113
1761,2016,69.178082
1762,2016,52.380952
1763,2016,60.305344
1764,2016,63.333333
1765,2016,60.655738
1766,2016,71.24183
1780,2016,70.902613
1781,2016,65.322581
1782,2016,59.398496
1783,2016,67.857143
1784,2016,66.159696
1785,2016,53.424658
1814,2016,75.0
1860,2016,63.157895
1861,2016,67.664671
1862,2016,69.791667
1863,2016,74.137931
1864,2016,48.275862
1880,2016,67.122396
1881,2016,68.4
1882,2016,59.130435
1883,2016,63.556851
1884,2016,76.865672
1885,2016,61.678832
1904,2016,52.173913
1907,2016,57.731959
1960,2016,66.292135
1961,2016,60.992908
1962,2016,46.0
1980,2016,66.8
1981,2016,66.666667
1982,2016,55.03876
1983,2016,58.301158
1984,2016,69.798658
2021,2016,75.903614
2023,2016,71.276596
2026,2016,72.727273
2029,2016,78.651685
2031,2016,65.671642
2034,2016,57.831325
2039,2016,63.235294
2061,2016,64.130435
2062,2016,59.693878
2080,2016,72.649573
2081,2016,59.71223
2082,2016,55.263158
2083,2016,72.049689
2084,2016,67.317073
2085,2016,63.984674
2101,2016,53.571429
2104,2016,61.417323
2121,2016,75.438596
2132,2016,57.142857
2161,2016,65.656566
2180,2016,58.788481
2181,2016,64.948454
2182,2016,59.245283
2183,2016,66.300366
2184,2016,67.374005
2260,2016,52.747253
2262,2016,62.376238
2280,2016,61.940299
2281,2016,61.267606
2282,2016,55.357143
2283,2016,59.134615
2284,2016,73.381295
2303,2016,46.428571
2305,2016,58.426966
2309,2016,70.348837
2313,2016,65.693431
2321,2016,59.836066
2326,2016,56.410256
2361,2016,57.425743
2380,2016,71.639042
2401,2016,64.788732
2403,2016,56.0
2404,2016,62.962963
2409,2016,67.741935
2417,2016,60.0
2418,2016,66.666667
2421,2016,75.609756
2422,2016,59.574468
2425,2016,75.0
2460,2016,60.576923
2462,2016,65.789474
2463,2016,41.860465
2480,2016,70.058873
2481,2016,64.052288
2482,2016,68.331303
2505,2016,71.698113
2506,2016,54.545455
2510,2016,53.846154
2513,2016,50.0
2514,2016,71.428571
2518,2016,62.295082
2521,2016,66.176471
2523,2016,71.005917
2560,2016,68.35443
2580,2016,63.968668
2581,2016,75.641026
2582,2016,67.823344
2583,2016,69.473684
2584,2016,66.27907
0,2017,66.020864
0114,2017,57.013575
0115,2017,71.428571
0117,2017,68.846154
0120,2017,70.491803
0123,2017,59.455959
0125,2017,70.833333
0126,2017,64.656616
0127,2017,54.283138
0128,2017,68.619247
0136,2017,57.894737
0138,2017,69.947276
0139,2017,50.357143
0140,2017,70.689655
0160,2017,76.755448
0162,2017,75.413712
0163,2017,72.771673
0180,2017,59.367651
0181,2017,53.866906
0182,2017,74.163569
0183,2017,56.756757
0184,2017,64.224138
0186,2017,71.457086
0187,2017,67.333333
0188,2017,65.062389
0191,2017,60.612245
0192,2017,59.581882
0305,2017,62.040816
0319,2017,65.714286
0330,2017,63.535912
0331,2017,68.309859
0360,2017,64.814815
0380,2017,69.365317
0381,2017,60.730594
0382,2017,75.362319
0428,2017,62.264151
0461,2017,71.428571
0480,2017,69.259962
0481,2017,59.493671
0482,2017,59.793814
0483,2017,60.989011
0484,2017,57.567804
0486,2017,68.503937
0488,2017,69.672131
0509,2017,73.846154
0512,2017,75.0
0513,2017,63.106796
0560,2017,74.509804
0561,2017,70.37037
0562,2017,67.713004
0563,2017,60.526316
0580,2017,69.813921
0581,2017,60.422535
0582,2017,58.709677
0583,2017,65.063291
0584,2017,78.378378
0586,2017,67.910448
0604,2017,72.131148
0617,2017,55.725191
0642,2017,60.526316
0643,2017,77.692308
0662,2017,58.791209
0665,2017,65.432099
0680,2017,70.892979
0682,2017,67.123288
0683,2017,68.459658
0684,2017,69.784173
0685,2017,76.576577
0686,2017,76.744186
0687,2017,73.869347
0760,2017,74.193548
0761,2017,57.54717
0763,2017,60.839161
0764,2017,63.274336
0765,2017,66.111111
0767,2017,68.686869
0780,2017,67.763158
0781,2017,73.666667
0821,2017,70.666667
0834,2017,54.545455
0840,2017,73.469388
0860,2017,66.666667
0861,2017,64.935065
0862,2017,70.873786
0880,2017,67.363344
0881,2017,71.052632
0882,2017,78.278689
0883,2017,70.360111
0884,2017,67.532468
0885,2017,68.269231
0980,2017,65.789474
1060,2017,70.422535
1080,2017,77.639752
1081,2017,69.642857
1082,2017,70.090634
1083,2017,68.508287
1214,2017,59.210526
1230,2017,72.401434
1231,2017,63.461538
1233,2017,83.058824
1256,2017,63.125
1257,2017,65.686275
1260,2017,71.974522
1261,2017,73.520249
1262,2017,77.235772
1263,2017,69.911504
1264,2017,69.277108
1265,2017,61.142857
1266,2017,56.862745
1267,2017,63.218391
1270,2017,70.967742
1272,2017,66.423358
1273,2017,62.804878
1275,2017,62.962963
1276,2017,72.928177
1277,2017,69.021739
1278,2017,78.231293
1280,2017,56.034795
1281,2017,72.745292
1282,2017,61.25
1283,2017,70.46131
1284,2017,68.864469
1285,2017,64.961637
1286,2017,66.296296
1287,2017,64.891041
1290,2017,67.820069
1291,2017,69.417476
1292,2017,74.634146
1293,2017,66.791045
1315,2017,71.171171
1380,2017,71.273123
1381,2017,72.803347
1382,2017,72.451193
1383,2017,67.787611
1384,2017,74.539877
1401,2017,72.813239
1402,2017,70.197044
1407,2017,68.35443
1415,2017,69.594595
1419,2017,72.049689
1421,2017,67.195767
1427,2017,68.085106
1430,2017,65.178571
1435,2017,65.714286
1438,2017,69.767442
1439,2017,73.4375
1440,2017,65.615142
1441,2017,71.907757
1442,2017,67.153285
1443,2017,63.366337
1444,2017,76.190476
1445,2017,63.793103
1446,2017,81.25
1447,2017,51.612903
1452,2017,69.677419
1460,2017,68.235294
1461,2017,79.047619
1462,2017,56.0
1463,2017,69.172932
1465,2017,64.40678
1466,2017,65.217391
1470,2017,68.390805
1471,2017,66.428571
1472,2017,61.19403
1473,2017,62.264151
1480,2017,61.640625
1481,2017,68.366013
1482,2017,68.309859
1484,2017,61.971831
1485,2017,66.789668
1486,2017,67.346939
1487,2017,65.847666
1488,2017,62.479062
1489,2017,72.938144
1490,2017,69.680365
1491,2017,68.907563
1492,2017,61.111111
1493,2017,72.31405
1494,2017,72.405063
1495,2017,70.680628
1496,2017,70.054446
1497,2017,79.347826
1498,2017,73.684211
1499,2017,64.371257
1715,2017,60.714286
1730,2017,62.820513
1737,2017,62.043796
1760,2017,61.111111
1761,2017,81.28655
1762,2017,68.0
1763,2017,62.142857
1764,2017,72.093023
1765,2017,66.35514
1766,2017,68.345324
1780,2017,67.097532
1781,2017,70.703125
1782,2017,44.202899
1783,2017,60.283688
1784,2017,71.153846
1785,2017,63.043478
1814,2017,71.084337
1860,2017,58.461538
1861,2017,65.76087
1862,2017,66.666667
1863,2017,64.556962
1864,2017,53.191489
1880,2017,69.272977
1881,2017,69.6
1882,2017,72.807018
1883,2017,62.17765
1884,2017,69.53125
1885,2017,60.839161
1904,2017,55.882353
1907,2017,53.846154
1960,2017,67.676768
1961,2017,57.954545
1962,2017,59.15493
1980,2017,69.106783
1981,2017,64.782609
1982,2017,59.677419
1983,2017,68.978102
1984,2017,76.865672
2021,2017,63.492063
2023,2017,61.728395
2026,2017,72.413793
2029,2017,73.714286
2031,2017,71.95122
2034,2017,56.862745
2039,2017,59.649123
2061,2017,60.194175
2062,2017,60.0
2080,2017,71.107544
2081,2017,66.92607
2082,2017,66.666667
2083,2017,64.33121
2084,2017,59.401709
2085,2017,67.153285
2101,2017,57.575758
2104,2017,53.508772
2121,2017,52.755906
2132,2017,52.747253
2161,2017,64.215686
2180,2017,63.216266
2181,2017,61.307902
2182,2017,62.452107
2183,2017,59.328358
2184,2017,66.927083
2260,2017,65.957447
2262,2017,57.657658
2280,2017,73.387097
2281,2017,60.186143
2282,2017,64.423077
2283,2017,62.790698
2284,2017,76.138434
2303,2017,49.122807
2305,2017,70.422535
2309,2017,69.93007
2313,2017,59.259259
2321,2017,58.585859
2326,2017,69.565217
2361,2017,57.608696
2380,2017,70.772059
2401,2017,56.578947
2403,2017,59.259259
2404,2017,62.318841
2409,2017,77.419355
2417,2017,50.909091
2418,2017,79.166667
2421,2017,59.701493
2422,2017,32.5
2425,2017,74.074074
2460,2017,64.07767
2462,2017,53.333333
2463,2017,67.857143
2480,2017,72.831268
2481,2017,66.206897
2482,2017,67.038414
2505,2017,53.731343
2506,2017,51.219512
2510,2017,58.181818
2513,2017,58.62069
2514,2017,71.978022
2518,2017,60.869565
2521,2017,66.101695
2523,2017,80.645161
2560,2017,67.777778
2580,2017,70.498615
2581,2017,79.529412
2582,2017,65.646259
2583,2017,64.516129
2584,2017,69.230769
0,2018,65.930157
0114,2018,60.917031
0115,2018,72.554348
0117,2018,69.823789
0120,2018,73.076923
0123,2018,57.875
0125,2018,71.865443
0126,2018,64.596774
0127,2018,53.286853
0128,2018,65.5
0136,2018,56.5625
0138,2018,68.686869
0139,2018,58.608059
0140,2018,74.380165
0160,2018,79.177378
0162,2018,78.863636
0163,2018,69.257951
0180,2018,62.318087
0181,2018,59.599636
0182,2018,76.88808
0183,2018,61.87291
0184,2018,61.538462
0186,2018,72.022684
0187,2018,83.333333
0188,2018,68.363636
0191,2018,58.60735
0192,2018,60.283688
0305,2018,56.653992
0319,2018,54.444444
0330,2018,70.351759
0331,2018,62.820513
0360,2018,57.013575
0380,2018,67.453799
0381,2018,55.555556
0382,2018,72.272727
0428,2018,56.989247
0461,2018,64.705882
0480,2018,69.407266
0481,2018,61.052632
0482,2018,58.602151
0483,2018,62.857143
0484,2018,59.726962
0486,2018,65.300546
0488,2018,71.812081
0509,2018,75.0
0512,2018,71.111111
0513,2018,56.097561
0560,2018,66.101695
0561,2018,75.735294
0562,2018,60.824742
0563,2018,62.162162
0580,2018,68.257124
0581,2018,60.28777
0582,2018,69.178082
0583,2018,65.186916
0584,2018,79.104478
0586,2018,73.484848
0604,2018,77.647059
0617,2018,60.714286
0642,2018,66.666667
0643,2018,65.034965
0662,2018,59.302326
0665,2018,68.75
0680,2018,69.517544
0682,2018,60.38961
0683,2018,64.857143
0684,2018,52.173913
0685,2018,74.570447
0686,2018,70.512821
0687,2018,70.157068
0760,2018,59.2
0761,2018,58.715596
0763,2018,64.62585
0764,2018,66.063348
0765,2018,68.518519
0767,2018,63.736264
0780,2018,67.68559
0781,2018,64.238411
0821,2018,47.887324
0834,2018,62.857143
0840,2018,78.52349
0860,2018,60.294118
0861,2018,61.267606
0862,2018,67.010309
0880,2018,67.455621
0881,2018,63.684211
0882,2018,71.111111
0883,2018,68.144044
0884,2018,68.27957
0885,2018,61.764706
0980,2018,64.915254
1060,2018,68.695652
1080,2018,72.52907
1081,2018,68.561873
1082,2018,71.192053
1083,2018,64.02439
1214,2018,62.5
1230,2018,75.895765
1231,2018,62.441315
1233,2018,79.761905
1256,2018,55.194805
1257,2018,54.455446
1260,2018,62.068966
1261,2018,77.030812
1262,2018,79.642857
1263,2018,74.901961
1264,2018,70.807453
1265,2018,63.00578
1266,2018,59.15493
1267,2018,78.609626
1270,2018,62.5
1272,2018,57.142857
1273,2018,59.375
1275,2018,58.227848
1276,2018,69.518717
1277,2018,59.668508
1278,2018,59.848485
1280,2018,55.284553
1281,2018,75.628627
1282,2018,59.08142
1283,2018,67.016807
1284,2018,72.75641
1285,2018,65.72238
1286,2018,68.150685
1287,2018,67.475728
1290,2018,64.63964
1291,2018,64.367816
1292,2018,71.867612
1293,2018,67.010309
1315,2018,56.862745
1380,2018,67.031873
1381,2018,58.0
1382,2018,66.455696
1383,2018,71.99341
1384,2018,76.715177
1401,2018,73.186813
1402,2018,71.198157
1407,2018,70.625
1415,2018,68.641115
1419,2018,69.871795
1421,2018,65.605096
1427,2018,60.784314
1430,2018,66.666667
1435,2018,67.479675
1438,2018,58.490566
1439,2018,47.826087
1440,2018,61.918605
1441,2018,71.67382
1442,2018,62.043796
1443,2018,73.170732
1444,2018,70.149254
1445,2018,57.333333
1446,2018,72.413793
1447,2018,66.197183
1452,2018,66.025641
1460,2018,61.052632
1461,2018,57.894737
1462,2018,56.20438
1463,2018,67.624021
1465,2018,70.07874
1466,2018,73.94958
1470,2018,67.295597
1471,2018,72.151899
1472,2018,66.4
1473,2018,67.272727
1480,2018,61.917526
1481,2018,72.615804
1482,2018,71.269488
1484,2018,65.100671
1485,2018,67.44186
1486,2018,56.910569
1487,2018,68.822171
1488,2018,64.697194
1489,2018,70.02457
1490,2018,69.811321
1491,2018,68.014706
1492,2018,52.469136
1493,2018,71.031746
1494,2018,69.086022
1495,2018,65.686275
1496,2018,77.902622
1497,2018,74.226804
1498,2018,73.45679
1499,2018,71.903323
1715,2018,63.636364
1730,2018,62.121212
1737,2018,61.157025
1760,2018,61.363636
1761,2018,80.434783
1762,2018,51.724138
1763,2018,67.175573
1764,2018,63.736264
1765,2018,69.827586
1766,2018,61.428571
1780,2018,70.947631
1781,2018,69.16996
1782,2018,60.0
1783,2018,62.204724
1784,2018,73.308271
1785,2018,57.837838
1814,2018,78.571429
1860,2018,56.0
1861,2018,66.467066
1862,2018,65.441176
1863,2018,58.441558
1864,2018,41.304348
1880,2018,71.011673
1881,2018,76.284585
1882,2018,63.636364
1883,2018,64.057971
1884,2018,64.07767
1885,2018,62.337662
1904,2018,47.826087
1907,2018,63.095238
1960,2018,63.44086
1961,2018,63.74269
1962,2018,44.067797
1980,2018,71.398601
1981,2018,69.491525
1982,2018,54.109589
1983,2018,52.12766
1984,2018,64.779874
2021,2018,68.0
2023,2018,62.5
2026,2018,70.138889
2029,2018,77.456647
2031,2018,62.857143
2034,2018,59.459459
2039,2018,63.235294
2061,2018,63.392857
2062,2018,62.365591
2080,2018,66.5
2081,2018,63.535912
2082,2018,68.141593
2083,2018,61.818182
2084,2018,58.039216
2085,2018,70.542636
2101,2018,61.666667
2104,2018,68.269231
2121,2018,67.521368
2132,2018,66.26506
2161,2018,66.666667
2180,2018,61.054767
2181,2018,63.484487
2182,2018,60.810811
2183,2018,61.423221
2184,2018,64.42577
2260,2018,60.576923
2262,2018,57.727273
2280,2018,60.43956
2281,2018,58.823529
2282,2018,58.937198
2283,2018,59.903382
2284,2018,76.30719
2303,2018,69.387755
2305,2018,71.428571
2309,2018,66.272189
2313,2018,61.946903
2321,2018,63.478261
2326,2018,66.666667
2361,2018,58.333333
2380,2018,64.273504
2401,2018,64.367816
2403,2018,51.282051
2404,2018,68.656716
2409,2018,73.333333
2417,2018,50.0
2418,2018,44.444444
2421,2018,52.631579
2422,2018,51.282051
2425,2018,55.0
2460,2018,64.347826
2462,2018,64.864865
2463,2018,54.545455
2480,2018,74.680073
2481,2018,62.992126
2482,2018,67.522465
2505,2018,56.716418
2506,2018,45.0
2510,2018,52.941176
2513,2018,66.666667
2514,2018,72.727273
2518,2018,72.54902
2521,2018,83.050847
2523,2018,64.848485
2560,2018,68.627451
2580,2018,70.241287
2581,2018,77.209302
2582,2018,67.457627
2583,2018,66.315789
2584,2018,74.476987
0,2019,66.28142
0114,2019,64.212679
0115,2019,75.970874
0117,2019,70.404412
0120,2019,72.079208
0123,2019,65.136476
0125,2019,75.144509
0126,2019,66.184311
0127,2019,56.552331
0128,2019,69.795918
0136,2019,60.643016
0138,2019,70.27027
0139,2019,57.51634
0140,2019,66.455696
0160,2019,76.497696
0162,2019,79.572447
0163,2019,70.691676
0180,2019,64.717567
0181,2019,63.194444
0182,2019,75.3367
0183,2019,60.66482
0184,2019,68.318966
0186,2019,77.14808
0187,2019,76.878613
0188,2019,64.824121
0191,2019,62.476548
0192,2019,60.215054
0305,2019,61.454545
0319,2019,45.918367
0330,2019,75.115207
0331,2019,56.129032
0360,2019,57.560976
0380,2019,68.866571
0381,2019,61.752988
0382,2019,69.047619
0428,2019,58.585859
0461,2019,64.0
0480,2019,69.69697
0481,2019,55.882353
0482,2019,60.0
0483,2019,61.731844
0484,2019,58.731466
0486,2019,64.43299
0488,2019,68.75
0509,2019,73.770492
0512,2019,80.0
0513,2019,75.0
0560,2019,69.090909
0561,2019,76.377953
0562,2019,63.636364
0563,2019,48.314607
0580,2019,69.829222
0581,2019,58.087291
0582,2019,69.281046
0583,2019,63.136456
0584,2019,66.233766
0586,2019,71.37931
0604,2019,51.5625
0617,2019,53.90625
0642,2019,62.820513
0643,2019,77.04918
0662,2019,51.968504
0665,2019,66.935484
0680,2019,72.143865
0682,2019,70.903955
0683,2019,62.924282
0684,2019,57.142857
0685,2019,73.897059
0686,2019,68.421053
0687,2019,68.372093
0760,2019,57.281553
0761,2019,45.192308
0763,2019,63.636364
0764,2019,55.752212
0765,2019,73.45679
0767,2019,61.46789
0780,2019,67.724289
0781,2019,67.636364
0821,2019,49.39759
0834,2019,62.857143
0840,2019,67.785235
0860,2019,57.837838
0861,2019,66.0
0862,2019,70.32967
0880,2019,72.535211
0881,2019,63.318777
0882,2019,70.454545
0883,2019,63.316583
0884,2019,65.284974
0885,2019,60.344828
0980,2019,69.518717
1060,2019,66.896552
1080,2019,70.041609
1081,2019,60.191083
1082,2019,69.278997
1083,2019,63.829787
1214,2019,63.473054
1230,2019,80.479452
1231,2019,71.005917
1233,2019,81.860465
1256,2019,62.721893
1257,2019,57.8125
1260,2019,65.76087
1261,2019,75.880759
1262,2019,82.758621
1263,2019,77.777778
1264,2019,63.783784
1265,2019,62.105263
1266,2019,64.02439
1267,2019,66.666667
1270,2019,64.335664
1272,2019,63.758389
1273,2019,67.142857
1275,2019,66.666667
1276,2019,73.364486
1277,2019,66.494845
1278,2019,65.030675
1280,2019,57.851535
1281,2019,75.298439
1282,2019,63.235294
1283,2019,69.369369
1284,2019,74.662162
1285,2019,69.672131
1286,2019,72.916667
1287,2019,66.888889
1290,2019,65.426696
1291,2019,65.384615
1292,2019,70.657277
1293,2019,66.034483
1315,2019,64.341085
1380,2019,62.887597
1381,2019,69.503546
1382,2019,69.467213
1383,2019,73.013245
1384,2019,76.666667
1401,2019,76.940133
1402,2019,72.246696
1407,2019,72.262774
1415,2019,67.398119
1419,2019,70.440252
1421,2019,73.939394
1427,2019,68.888889
1430,2019,63.636364
1435,2019,75.652174
1438,2019,73.214286
1439,2019,64.473684
1440,2019,59.946237
1441,2019,65.4
1442,2019,74.015748
1443,2019,70.967742
1444,2019,75.925926
1445,2019,54.098361
1446,2019,61.764706
1447,2019,52.941176
1452,2019,66.013072
1460,2019,63.636364
1461,2019,64.948454
1462,2019,60.0
1463,2019,66.501241
1465,2019,67.1875
1466,2019,71.134021
1470,2019,65.384615
1471,2019,72.340426
1472,2019,63.636364
1473,2019,63.157895
1480,2019,60.800763
1481,2019,68.598383
1482,2019,68.493151
1484,2019,63.636364
1485,2019,66.159052
1486,2019,60.294118
1487,2019,63.113006
1488,2019,66.666667
1489,2019,68.308351
1490,2019,67.277269
1491,2019,65.540541
1492,2019,59.763314
1493,2019,69.603524
1494,2019,69.811321
1495,2019,59.808612
1496,2019,75.093633
1497,2019,70.212766
1498,2019,66.923077
1499,2019,62.269129
1715,2019,73.076923
1730,2019,70.0
1737,2019,57.364341
1760,2019,57.777778
1761,2019,81.313131
1762,2019,61.904762
1763,2019,60.810811
1764,2019,51.807229
1765,2019,68.181818
1766,2019,62.337662
1780,2019,72.084806
1781,2019,67.611336
1782,2019,40.151515
1783,2019,62.931034
1784,2019,70.289855
1785,2019,65.277778
1814,2019,78.082192
1860,2019,46.268657
1861,2019,66.467066
1862,2019,47.572816
1863,2019,58.62069
1864,2019,57.142857
1880,2019,69.845201
1881,2019,64.765101
1882,2019,68.217054
1883,2019,61.627907
1884,2019,62.121212
1885,2019,64.772727
1904,2019,44.186047
1907,2019,59.677419
1960,2019,66.315789
1961,2019,60.344828
1962,2019,52.702703
1980,2019,66.301546
1981,2019,59.166667
1982,2019,55.0
1983,2019,54.87013
1984,2019,63.924051
2021,2019,66.666667
2023,2019,57.692308
2026,2019,75.700935
2029,2019,67.080745
2031,2019,70.967742
2034,2019,57.894737
2039,2019,52.631579
2061,2019,70.32967
2062,2019,60.606061
2080,2019,71.205008
2081,2019,59.601449
2082,2019,62.4
2083,2019,57.923497
2084,2019,52.61194
2085,2019,59.574468
2101,2019,57.692308
2104,2019,57.798165
2121,2019,73.684211
2132,2019,68.421053
2161,2019,66.666667
2180,2019,61.781076
2181,2019,62.929062
2182,2019,73.493976
2183,2019,58.801498
2184,2019,66.915423
2260,2019,61.290323
2262,2019,66.517857
2280,2019,63.157895
2281,2019,62.051282
2282,2019,59.433962
2283,2019,61.0
2284,2019,72.693727
2303,2019,51.06383
2305,2019,72.463768
2309,2019,68.831169
2313,2019,64.912281
2321,2019,67.79661
2326,2019,68.0
2361,2019,72.043011
2380,2019,66.907776
2401,2019,54.320988
2403,2019,54.545455
2404,2019,63.636364
2409,2019,64.705882
2417,2019,67.44186
2418,2019,70.967742
2421,2019,60.606061
2422,2019,41.071429
2425,2019,66.666667
2460,2019,73.195876
2462,2019,72.0
2463,2019,71.428571
2480,2019,76.157205
2481,2019,64.963504
2482,2019,67.529107
2505,2019,68.055556
2506,2019,70.37037
2510,2019,58.823529
2513,2019,55.555556
2514,2019,57.058824
2518,2019,66.129032
2521,2019,68.253968
2523,2019,65.263158
2560,2019,63.44086
2580,2019,71.024259
2581,2019,80.324544
2582,2019,66.451613
2583,2019,70.940171
2584,2019,71.889401
0,2020,66.252409
0114,2020,60.42065
0115,2020,72.684086
0117,2020,77.222222
0120,2020,76.396396
0123,2020,62.677485
0125,2020,77.534247
0126,2020,65.985401
0127,2020,59.890611
0128,2020,74.458874
0136,2020,59.820538
0138,2020,65.610143
0139,2020,57.846154
0140,2020,68.666667
0160,2020,79.027027
0162,2020,80.083857
0163,2020,74.59634
0180,2020,65.816327
0181,2020,60.547945
0182,2020,76.935887
0183,2020,65.48913
0184,2020,65.458015
0186,2020,73.288815
0187,2020,73.548387
0188,2020,68.683812
0191,2020,61.648746
0192,2020,50.154799
0305,2020,60.606061
0319,2020,57.894737
0330,2020,74.891775
0331,2020,64.571429
0360,2020,62.621359
0380,2020,67.070435
0381,2020,61.596958
0382,2020,62.211982
0428,2020,52.10084
0461,2020,71.052632
0480,2020,69.666667
0481,2020,70.212766
0482,2020,64.150943
0483,2020,58.603491
0484,2020,61.066236
0486,2020,65.962441
0488,2020,74.14966
0509,2020,58.490566
0512,2020,67.44186
0513,2020,74.747475
0560,2020,61.428571
0561,2020,73.684211
0562,2020,55.701754
0563,2020,59.701493
0580,2020,71.13594
0581,2020,60.068027
0582,2020,60.810811
0583,2020,63.963964
0584,2020,79.032258
0586,2020,67.272727
0604,2020,67.142857
0617,2020,55.238095
0642,2020,68.235294
0643,2020,77.697842
0662,2020,55.759162
0665,2020,59.064327
0680,2020,70.876467
0682,2020,66.666667
0683,2020,68.486352
0684,2020,61.363636
0685,2020,68.945869
0686,2020,72.511848
0687,2020,67.782427
0760,2020,65.873016
0761,2020,53.90625
0763,2020,53.289474
0764,2020,56.451613
0765,2020,56.565657
0767,2020,60.683761
0780,2020,65.079365
0781,2020,66.043614
0821,2020,48.863636
0834,2020,63.157895
0840,2020,68.786127
0860,2020,58.677686
0861,2020,64.375
0862,2020,60.0
0880,2020,70.108696
0881,2020,59.913793
0882,2020,69.536424
0883,2020,62.790698
0884,2020,66.31016
0885,2020,63.846154
0980,2020,63.406408
1060,2020,70.895522
1080,2020,72.57384
1081,2020,59.163987
1082,2020,67.477204
1083,2020,62.311558
1214,2020,63.398693
1230,2020,78.498294
1231,2020,55.2
1233,2020,78.644764
1256,2020,57.051282
1257,2020,59.302326
1260,2020,56.621005
1261,2020,77.088949
1262,2020,82.792208
1263,2020,74.81203
1264,2020,76.756757
1265,2020,66.190476
1266,2020,64.935065
1267,2020,70.680628
1270,2020,54.545455
1272,2020,63.448276
1273,2020,65.972222
1275,2020,54.945055
1276,2020,64.646465
1277,2020,47.087379
1278,2020,64.33121
1280,2020,56.064947
1281,2020,73.02521
1282,2020,61.83953
1283,2020,63.856883
1284,2020,71.803279
1285,2020,60.277136
1286,2020,74.750831
1287,2020,68.75
1290,2020,60.465116
1291,2020,70.27027
1292,2020,67.898383
1293,2020,64.991023
1315,2020,59.459459
1380,2020,63.972736
1381,2020,64.130435
1382,2020,66.188525
1383,2020,74.468085
1384,2020,77.788104
1401,2020,80.182232
1402,2020,77.220957
1407,2020,77.514793
1415,2020,69.047619
1419,2020,65.853659
1421,2020,76.129032
1427,2020,71.95122
1430,2020,67.256637
1435,2020,64.102564
1438,2020,64.444444
1439,2020,62.820513
1440,2020,66.564417
1441,2020,72.253259
1442,2020,65.289256
1443,2020,70.909091
1444,2020,75.324675
1445,2020,68.421053
1446,2020,84.313725
1447,2020,64.285714
1452,2020,63.909774
1460,2020,64.935065
1461,2020,75.581395
1462,2020,57.894737
1463,2020,71.960298
1465,2020,71.755725
1466,2020,72.916667
1470,2020,64.772727
1471,2020,61.073826
1472,2020,69.369369
1473,2020,55.913978
1480,2020,63.207547
1481,2020,69.922879
1482,2020,71.221532
1484,2020,68.518519
1485,2020,64.046823
1486,2020,62.878788
1487,2020,60.434783
1488,2020,66.812227
1489,2020,69.020501
1490,2020,65.559157
1491,2020,63.703704
1492,2020,66.459627
1493,2020,70.212766
1494,2020,73.123487
1495,2020,58.371041
1496,2020,73.120301
1497,2020,69.902913
1498,2020,79.411765
1499,2020,64.190981
1715,2020,70.27027
1730,2020,69.047619
1737,2020,69.747899
1760,2020,56.140351
1761,2020,80.288462
1762,2020,60.0
1763,2020,62.745098
1764,2020,66.666667
1765,2020,61.666667
1766,2020,67.105263
1780,2020,72.788354
1781,2020,65.1341
1782,2020,56.666667
1783,2020,62.903226
1784,2020,71.814672
1785,2020,67.336683
1814,2020,84.507042
1860,2020,57.8125
1861,2020,64.935065
1862,2020,70.873786
1863,2020,59.74026
1864,2020,45.454545
1880,2020,70.142768
1881,2020,62.132353
1882,2020,74.107143
1883,2020,65.373134
1884,2020,69.105691
1885,2020,70.4
1904,2020,48.0
1907,2020,68.141593
1960,2020,63.793103
1961,2020,59.509202
1962,2020,38.666667
1980,2020,66.542056
1981,2020,57.142857
1982,2020,43.75
1983,2020,54.612546
1984,2020,70.0
2021,2020,55.670103
2023,2020,72.916667
2026,2020,66.165414
2029,2020,66.225166
2031,2020,68.316832
2034,2020,62.5
2039,2020,69.230769
2061,2020,69.662921
2062,2020,65.789474
2080,2020,68.820679
2081,2020,55.85997
2082,2020,69.724771
2083,2020,58.080808
2084,2020,52.016129
2085,2020,67.041199
2101,2020,56.666667
2104,2020,66.315789
2121,2020,65.441176
2132,2020,52.5
2161,2020,65.714286
2180,2020,65.106007
2181,2020,60.175055
2182,2020,64.338235
2183,2020,67.527675
2184,2020,66.318538
2260,2020,75.903614
2262,2020,68.122271
2280,2020,57.194245
2281,2020,62.919311
2282,2020,62.311558
2283,2020,61.214953
2284,2020,76.020408
2303,2020,46.428571
2305,2020,57.894737
2309,2020,60.784314
2313,2020,70.689655
2321,2020,51.587302
2326,2020,56.410256
2361,2020,66.666667
2380,2020,66.613672
2401,2020,70.652174
2403,2020,61.111111
2404,2020,67.924528
2409,2020,66.233766
2417,2020,47.368421
2418,2020,51.351351
2421,2020,69.811321
2422,2020,50.0
2425,2020,65.517241
2460,2020,60.714286
2462,2020,69.0
2463,2020,71.052632
2480,2020,73.81151
2481,2020,59.863946
2482,2020,66.46778
2505,2020,42.857143
2506,2020,75.0
2510,2020,52.727273
2513,2020,51.515152
2514,2020,60.0
2518,2020,68.965517
2521,2020,81.481481
2523,2020,68.571429
2560,2020,72.222222
2580,2020,70.687419
2581,2020,76.397516
2582,2020,61.801242
2583,2020,51.041667
2584,2020,76.11336
0,2021,68.841851
0114,2021,67.120623
0115,2021,76.068376
0117,2021,78.618421
0120,2021,79.370079
0123,2021,64.641434
0125,2021,73.752711
0126,2021,68.945869
0127,2021,61.934339
0128,2021,71.774194
0136,2021,60.955056
0138,2021,69.881306
0139,2021,63.305322
0140,2021,71.612903
0160,2021,82.878953
0162,2021,85.162602
0163,2021,77.632899
0180,2021,68.640833
0181,2021,60.701439
0182,2021,79.83871
0183,2021,70.0
0184,2021,71.84466
0186,2021,79.429429
0187,2021,85.945946
0188,2021,65.343511
0191,2021,68.965517
0192,2021,56.603774
0305,2021,64.451827
0319,2021,57.798165
0330,2021,76.779026
0331,2021,63.380282
0360,2021,64.224138
0380,2021,71.169978
0381,2021,57.654076
0382,2021,66.363636
0428,2021,60.97561
0461,2021,70.229008
0480,2021,69.732441
0481,2021,67.41573
0482,2021,58.375635
0483,2021,65.03856
0484,2021,63.748968
0486,2021,65.995526
0488,2021,73.714286
0509,2021,60.655738
0512,2021,68.181818
0513,2021,72.072072
0560,2021,62.068966
0561,2021,77.235772
0562,2021,66.390041
0563,2021,56.179775
0580,2021,72.652097
0581,2021,64.643799
0582,2021,74.863388
0583,2021,61.121857
0584,2021,65.789474
0586,2021,71.70418
0604,2021,61.038961
0617,2021,55.384615
0642,2021,76.28866
0643,2021,76.72956
0662,2021,52.971576
0665,2021,75.882353
0680,2021,74.744724
0682,2021,69.866667
0683,2021,65.665236
0684,2021,65.142857
0685,2021,74.276527
0686,2021,71.219512
0687,2021,72.881356
0760,2021,61.206897
0761,2021,52.892562
0763,2021,66.197183
0764,2021,61.290323
0765,2021,56.707317
0767,2021,68.181818
0780,2021,71.209213
0781,2021,62.908012
0821,2021,56.0
0834,2021,64.935065
0840,2021,78.915663
0860,2021,68.023256
0861,2021,70.37037
0862,2021,65.740741
0880,2021,72.0
0881,2021,61.643836
0882,2021,71.944444
0883,2021,66.0
0884,2021,67.741935
0885,2021,67.924528
0980,2021,66.30094
1060,2021,66.923077
1080,2021,73.241206
1081,2021,64.507042
1082,2021,70.662461
1083,2021,72.164948
1214,2021,65.934066
1230,2021,75.953079
1231,2021,59.42623
1233,2021,77.459016
1256,2021,51.960784
1257,2021,75.193798
1260,2021,61.85567
1261,2021,79.166667
1262,2021,81.656805
1263,2021,77.054795
1264,2021,74.647887
1265,2021,68.292683
1266,2021,69.047619
1267,2021,68.508287
1270,2021,62.874251
1272,2021,61.437908
1273,2021,64.473684
1275,2021,64.516129
1276,2021,63.372093
1277,2021,63.084112
1278,2021,77.372263
1280,2021,61.586777
1281,2021,74.021084
1282,2021,64.887064
1283,2021,66.837716
1284,2021,79.591837
1285,2021,65.291262
1286,2021,76.15894
1287,2021,68.553459
1290,2021,63.970588
1291,2021,67.51269
1292,2021,72.11329
1293,2021,64.274062
1315,2021,58.503401
1380,2021,71.045328
1381,2021,74.750831
1382,2021,64.669421
1383,2021,73.590504
1384,2021,80.153322
1401,2021,75.6
1402,2021,72.783505
1407,2021,70.056497
1415,2021,68.195719
1419,2021,69.230769
1421,2021,70.625
1427,2021,68.918919
1430,2021,67.924528
1435,2021,74.452555
1438,2021,72.222222
1439,2021,66.176471
1440,2021,72.0
1441,2021,73.728814
1442,2021,64.583333
1443,2021,76.99115
1444,2021,67.307692
1445,2021,76.363636
1446,2021,65.789474
1447,2021,61.403509
1452,2021,66.442953
1460,2021,86.419753
1461,2021,69.306931
1462,2021,64.492754
1463,2021,67.792208
1465,2021,69.354839
1466,2021,69.491525
1470,2021,60.893855
1471,2021,69.811321
1472,2021,67.79661
1473,2021,56.565657
1480,2021,66.208287
1481,2021,74.120603
1482,2021,71.933472
1484,2021,69.285714
1485,2021,66.666667
1486,2021,54.83871
1487,2021,62.527233
1488,2021,65.178571
1489,2021,69.179601
1490,2021,68.617886
1491,2021,61.333333
1492,2021,74.233129
1493,2021,67.253521
1494,2021,64.691358
1495,2021,64.646465
1496,2021,72.710952
1497,2021,70.0
1498,2021,70.37037
1499,2021,63.77551
1715,2021,69.902913
1730,2021,69.333333
1737,2021,71.698113
1760,2021,73.015873
1761,2021,83.870968
1762,2021,50.0
1763,2021,70.945946
1764,2021,63.953488
1765,2021,71.2
1766,2021,69.090909
1780,2021,72.596154
1781,2021,65.517241
1782,2021,62.037037
1783,2021,72.268908
1784,2021,72.243346
1785,2021,68.965517
1814,2021,79.120879
1860,2021,58.730159
1861,2021,58.602151
1862,2021,65.714286
1863,2021,74.025974
1864,2021,40.909091
1880,2021,70.02457
1881,2021,72.142857
1882,2021,74.285714
1883,2021,66.666667
1884,2021,75.892857
1885,2021,65.725806
1904,2021,86.666667
1907,2021,68.644068
1960,2021,62.5
1961,2021,63.888889
1962,2021,66.071429
1980,2021,68.764846
1981,2021,64.8
1982,2021,55.483871
1983,2021,60.691824
1984,2021,59.887006
2021,2021,47.297297
2023,2021,61.458333
2026,2021,65.934066
2029,2021,73.103448
2031,2021,66.37931
2034,2021,55.696203
2039,2021,64.197531
2061,2021,76.237624
2062,2021,54.787234
2080,2021,72.065379
2081,2021,69.435216
2082,2021,75.229358
2083,2021,65.745856
2084,2021,60.714286
2085,2021,69.863014
2101,2021,68.085106
2104,2021,72.151899
2121,2021,73.94958
2132,2021,63.265306
2161,2021,65.315315
2180,2021,67.913043
2181,2021,65.393258
2182,2021,69.767442
2183,2021,64.983165
2184,2021,69.762419
2260,2021,59.130435
2262,2021,65.517241
2280,2021,66.772152
2281,2021,68.665541
2282,2021,62.244898
2283,2021,56.650246
2284,2021,72.039474
2303,2021,70.769231
2305,2021,58.208955
2309,2021,75.675676
2313,2021,61.818182
2321,2021,58.139535
2326,2021,67.532468
2361,2021,71.028037
2380,2021,64.88189
2401,2021,65.934066
2403,2021,57.142857
2404,2021,67.164179
2409,2021,77.777778
2417,2021,62.068966
2418,2021,56.521739
2421,2021,76.363636
2422,2021,36.363636
2425,2021,73.076923
2460,2021,72.0
2462,2021,63.953488
2463,2021,84.615385
2480,2021,77.634961
2481,2021,65.034965
2482,2021,66.399083
2505,2021,65.517241
2506,2021,59.52381
2510,2021,60.869565
2513,2021,61.904762
2514,2021,67.088608
2518,2021,53.191489
2521,2021,79.72973
2523,2021,67.948718
2560,2021,63.636364
2580,2021,70.496084
2581,2021,75.264271
2582,2021,69.436202
2583,2021,60.215054
2584,2021,73.529412
0,2022,69.330518
0114,2022,73.730298
0115,2022,74.945534
0117,2022,73.493976
0120,2022,77.96875
0123,2022,65.9
0125,2022,75.87822
0126,2022,70.945946
0127,2022,62.068966
0128,2022,76.371308
0136,2022,65.114155
0138,2022,78.416149
0139,2022,66.497462
0140,2022,70.625
0160,2022,82.195846
0162,2022,83.333333
0163,2022,78.162055
0180,2022,70.713489
0181,2022,63.948498
0182,2022,81.020848
0183,2022,71.73913
0184,2022,71.968191
0186,2022,80.715397
0187,2022,77.844311
0188,2022,61.769616
0191,2022,68.52459
0192,2022,54.12844
0305,2022,64.779874
0319,2022,61.818182
0330,2022,75.800712
0331,2022,63.194444
0360,2022,61.304348
0380,2022,69.654882
0381,2022,64.485981
0382,2022,61.471861
0428,2022,51.639344
0461,2022,67.605634
0480,2022,73.05296
0481,2022,68.548387
0482,2022,59.487179
0483,2022,60.206718
0484,2022,62.309543
0486,2022,64.705882
0488,2022,71.052632
0509,2022,68.518519
0512,2022,70.967742
0513,2022,72.033898
0560,2022,81.481481
0561,2022,72.580645
0562,2022,68.48249
0563,2022,68.421053
0580,2022,71.520093
0581,2022,62.951235
0582,2022,70.348837
0583,2022,63.147793
0584,2022,68.888889
0586,2022,74.747475
0604,2022,71.794872
0617,2022,55.0
0642,2022,76.470588
0643,2022,76.878613
0662,2022,51.156812
0665,2022,73.595506
0680,2022,73.509934
0682,2022,66.849315
0683,2022,63.170163
0684,2022,65.517241
0685,2022,74.475524
0686,2022,70.560748
0687,2022,64.830508
0760,2022,60.655738
0761,2022,63.541667
0763,2022,63.768116
0764,2022,62.447257
0765,2022,60.220994
0767,2022,59.223301
0780,2022,68.309179
0781,2022,69.207317
0821,2022,63.414634
0834,2022,59.302326
0840,2022,75.167785
0860,2022,55.921053
0861,2022,65.185185
0862,2022,65.217391
0880,2022,73.450135
0881,2022,59.633028
0882,2022,76.393443
0883,2022,65.789474
0884,2022,69.398907
0885,2022,62.765957
0980,2022,64.044944
1060,2022,62.585034
1080,2022,74.462705
1081,2022,65.384615
1082,2022,71.045576
1083,2022,66.504854
1214,2022,69.325153
1230,2022,77.669903
1231,2022,64.655172
1233,2022,84.082397
1256,2022,55.789474
1257,2022,61.46789
1260,2022,65.656566
1261,2022,77.777778
1262,2022,80.874317
1263,2022,73.170732
1264,2022,66.120219
1265,2022,71.830986
1266,2022,70.987654
1267,2022,71.219512
1270,2022,63.909774
1272,2022,56.296296
1273,2022,63.522013
1275,2022,69.135802
1276,2022,64.53202
1277,2022,61.22449
1278,2022,62.420382
1280,2022,61.486268
1281,2022,76.434109
1282,2022,66.330645
1283,2022,68.404718
1284,2022,79.525223
1285,2022,67.529412
1286,2022,76.265823
1287,2022,68.320611
1290,2022,70.144628
1291,2022,66.666667
1292,2022,70.893971
1293,2022,66.499162
1315,2022,61.24031
1380,2022,69.509982
1381,2022,61.148649
1382,2022,66.464646
1383,2022,73.783784
1384,2022,78.132885
1401,2022,75.585938
1402,2022,73.966942
1407,2022,81.595092
1415,2022,71.469741
1419,2022,76.54321
1421,2022,77.272727
1427,2022,73.846154
1430,2022,56.034483
1435,2022,61.206897
1438,2022,78.688525
1439,2022,63.636364
1440,2022,69.459459
1441,2022,75.886525
1442,2022,66.129032
1443,2022,72.8
1444,2022,84.126984
1445,2022,61.428571
1446,2022,73.015873
1447,2022,53.030303
1452,2022,66.935484
1460,2022,67.567568
1461,2022,63.02521
1462,2022,56.028369
1463,2022,71.800948
1465,2022,65.714286
1466,2022,68.888889
1470,2022,63.492063
1471,2022,76.056338
1472,2022,75.675676
1473,2022,58.490566
1480,2022,67.562692
1481,2022,76.296296
1482,2022,71.755725
1484,2022,69.298246
1485,2022,66.456693
1486,2022,59.310345
1487,2022,69.957082
1488,2022,67.837079
1489,2022,74.273859
1490,2022,63.157895
1491,2022,64.084507
1492,2022,79.861111
1493,2022,70.106762
1494,2022,72.978723
1495,2022,70.813397
1496,2022,76.814159
1497,2022,67.010309
1498,2022,74.814815
1499,2022,72.684086
1715,2022,68.461538
1730,2022,74.025974
1737,2022,63.888889
1760,2022,73.170732
1761,2022,80.71066
1762,2022,82.758621
1763,2022,65.294118
1764,2022,54.216867
1765,2022,74.545455
1766,2022,69.863014
1780,2022,70.770878
1781,2022,66.666667
1782,2022,65.942029
1783,2022,73.043478
1784,2022,72.693727
1785,2022,74.509804
1814,2022,70.408163
1860,2022,61.818182
1861,2022,63.74269
1862,2022,58.40708
1863,2022,56.756757
1864,2022,50.980392
1880,2022,70.035461
1881,2022,66.795367
1882,2022,67.768595
1883,2022,63.276836
1884,2022,69.607843
1885,2022,67.537313
1904,2022,57.894737
1907,2022,65.289256
1960,2022,68.421053
1961,2022,66.666667
1962,2022,47.540984
1980,2022,70.84515
1981,2022,63.117871
1982,2022,62.698413
1983,2022,58.394161
1984,2022,62.711864
2021,2022,50.0
2023,2022,61.111111
2026,2022,79.545455
2029,2022,67.914439
2031,2022,76.415094
2034,2022,58.666667
2039,2022,63.529412
2061,2022,74.747475
2062,2022,61.835749
2080,2022,75.695461
2081,2022,66.720779
2082,2022,73.684211
2083,2022,60.451977
2084,2022,60.0
2085,2022,68.77193
2101,2022,64.864865
2104,2022,56.470588
2121,2022,82.417582
2132,2022,66.942149
2161,2022,64.976959
2180,2022,67.164179
2181,2022,63.355408
2182,2022,61.410788
2183,2022,65.979381
2184,2022,70.982143
2260,2022,51.428571
2262,2022,64.159292
2280,2022,59.748428
2281,2022,68.429487
2282,2022,51.93133
2283,2022,57.920792
2284,2022,70.784641
2303,2022,59.615385
2305,2022,63.768116
2309,2022,66.666667
2313,2022,61.983471
2321,2022,62.4
2326,2022,68.292683
2361,2022,74.757282
2380,2022,66.218236
2401,2022,72.619048
2403,2022,60.606061
2404,2022,58.730159
2409,2022,80.30303
2417,2022,56.410256
2418,2022,45.714286
2421,2022,68.0
2422,2022,56.666667
2425,2022,68.181818
2460,2022,67.54386
2462,2022,69.879518
2463,2022,75.757576
2480,2022,77.194357
2481,2022,82.0
2482,2022,70.652174
2505,2022,73.333333
2506,2022,54.545455
2510,2022,64.285714
2513,2022,55.263158
2514,2022,66.871166
2518,2022,72.0
2521,2022,81.355932
2523,2022,65.243902
2560,2022,77.477477
2580,2022,71.573604
2581,2022,81.288981
2582,2022,64.528302
2583,2022,56.122449
2584,2022,68.348624
